"Dataset","Scenario","q","Fleet_name","Year","Obs","Exp","SE","Dev","Residual"
"FULL","S1",0.2,"MCDS",2012,4666810,4028960,0.223355,0.146967,0.657999492391501
"FULL","S1",0.2,"MCDS",2015,6016820,4634800,0.200968,0.260965,1.29854420808199
"FULL","S1",0.2,"MCDS",2018,5474760,4488760,0.179056,0.198571,1.10899352592453
"FULL","S1",0.2,"MCDS",2022,1470160,4053060,0.240034,-1.0141,-4.22482195430883
"WEE","S1",0.2,"MCDS",2012,4361960,3596560,0.246775,0.192944,0.781860660762556
"WEE","S1",0.2,"MCDS",2015,6016580,4132190,0.22207,0.375711,1.69186048903342
"WEE","S1",0.2,"MCDS",2018,5799270,3713840,0.18617,0.445666,2.39386402640877
"WEE","S1",0.2,"MCDS",2022,1119080,2895250,0.192524,-0.950564,-4.9373820609591
"FULL","S2",0.2,"MCDS",2012,4666810,4154130,0.223355,0.116373,0.521021399385436
"FULL","S2",0.2,"MCDS",2015,6141250,4796120,0.197401,0.247222,1.25237991093135
"FULL","S2",0.2,"MCDS",2018,5570460,4684540,0.176318,0.173209,0.982372251481284
"FULL","S2",0.2,"MCDS",2022,1551340,4291170,0.250234,-1.01744,-4.06595566329106
"WEE","S2",0.2,"MCDS",2012,4077020,3555220,0.272651,0.13695,0.502288212341043
"WEE","S2",0.2,"MCDS",2015,6144370,4123510,0.230852,0.398833,1.72765006572906
"WEE","S2",0.2,"MCDS",2018,6245460,3513540,0.18381,0.575232,3.12948546622879
"WEE","S2",0.2,"MCDS",2022,933976,2456400,0.184682,-0.967003,-5.23603491671102
"FULL","S1",0.4,"MCDS",2012,4666810,4311030,0.223355,0.0792996,0.355035258123456
"FULL","S1",0.4,"MCDS",2015,6126190,4985380,0.190094,0.206063,1.0840078807298
"FULL","S1",0.4,"MCDS",2018,5553880,4939640,0.170624,0.117204,0.686915841564327
"FULL","S1",0.4,"MCDS",2022,1577610,4654660,0.285027,-1.08195,-3.79598362516796
"WEE","S1",0.4,"MCDS",2012,3810700,3455620,0.30124,0.097812,0.324694622574134
"WEE","S1",0.4,"MCDS",2015,5968250,3902790,0.239982,0.424762,1.76997470693276
"WEE","S1",0.4,"MCDS",2018,6446380,3091370,0.181481,0.734903,4.04948382803373
"WEE","S1",0.4,"MCDS",2022,678822,1898380,0.177159,-1.0284,-5.80493921792358
"FULL","S2",0.4,"MCDS",2012,4666810,4551540,0.223355,0.0250094,0.111974737637638
"FULL","S2",0.4,"MCDS",2015,6379560,5288870,0.183927,0.187496,1.01939637462157
"FULL","S2",0.4,"MCDS",2018,5748050,5292820,0.16574,0.082509,0.497824796298096
"FULL","S2",0.4,"MCDS",2022,1751840,5079430,0.310421,-1.06453,-3.42931820472063
"WEE","S2",0.4,"MCDS",2012,3561770,3490720,0.332827,0.0201512,0.0605407423529346
"WEE","S2",0.4,"MCDS",2015,6095020,3934970,0.249472,0.437569,1.7539795502257
"WEE","S2",0.4,"MCDS",2018,6942360,2935570,0.179181,0.860741,4.80374667006262
"WEE","S2",0.4,"MCDS",2022,566540,1603410,0.169942,-1.04034,-6.1217368476204
"FULL","S1",0.6,"MCDS",2012,4666810,4727840,0.223355,-0.0129923,-0.0581705528080614
"FULL","S1",0.6,"MCDS",2015,6356100,5493610,0.174659,0.145829,0.834937696274213
"FULL","S1",0.6,"MCDS",2018,5722380,5559980,0.158199,0.0287905,0.181987823154148
"FULL","S1",0.6,"MCDS",2022,1796350,5481450,0.381373,-1.11561,-2.92525384885828
"WEE","S1",0.6,"MCDS",2012,3329110,3503880,0.367725,-0.0511672,-0.139141817688628
"WEE","S1",0.6,"MCDS",2015,5768240,3733580,0.259338,0.434999,1.67734558419782
"WEE","S1",0.6,"MCDS",2018,7010290,2487330,0.176909,1.03617,5.85707467486855
"WEE","S1",0.6,"MCDS",2022,381235,1139390,0.16302,-1.09483,-6.71593870429027
"FULL","S2",0.6,"MCDS",2012,4666810,5035420,0.223355,-0.0760213,-0.340360341240614
"FULL","S2",0.6,"MCDS",2015,6750440,5886160,0.166926,0.137004,0.820746051285514
"FULL","S2",0.6,"MCDS",2018,6022480,5995400,0.151854,0.00450554,0.0296773618023876
"FULL","S2",0.6,"MCDS",2022,2093900,5990500,0.433699,-1.05115,-2.42367753968001
"WEE","S2",0.6,"MCDS",2012,3111640,3577480,0.406283,-0.13951,-0.343378195853785
"WEE","S2",0.6,"MCDS",2015,5890760,3747650,0.269594,0.452255,1.67754491835719
"WEE","S2",0.6,"MCDS",2018,7549660,2343330,0.174667,1.16993,6.69805707120397
"WEE","S2",0.6,"MCDS",2022,318176,973382,0.156379,-1.11817,-7.15039689821904
"FULL","S1",0.8,"MCDS",2012,4666810,5145920,0.223355,-0.0977287,-0.437547459973292
"FULL","S1",0.8,"MCDS",2015,6717330,6010770,0.156895,0.111137,0.708358418130632
"FULL","S1",0.8,"MCDS",2018,5986620,6154370,0.14326,-0.0276356,-0.192903947466695
"FULL","S1",0.8,"MCDS",2022,2164840,6263560,0.575361,-1.0624,-1.84649682172365
"WEE","S1",0.8,"MCDS",2012,2908380,3484270,0.448884,-0.180663,-0.402469965470646
"WEE","S1",0.8,"MCDS",2015,5427940,3521320,0.280256,0.432725,1.544030346545
"WEE","S1",0.8,"MCDS",2018,7454530,1938800,0.172453,1.34675,7.80938966735237
"WEE","S1",0.8,"MCDS",2022,196959,633216,0.150009,-1.16782,-7.78497297438796
"FULL","S2",0.8,"MCDS",2012,4666810,5497720,0.223355,-0.163858,-0.733620049136894
"FULL","S2",0.8,"MCDS",2015,7272990,6473050,0.148506,0.116521,0.784615317198257
"FULL","S2",0.8,"MCDS",2018,6405230,6643010,0.136118,-0.0364501,-0.267784788758489
"FULL","S2",0.8,"MCDS",2022,2642970,6798160,0.681929,-0.94475,-1.38540625565305
"WEE","S2",0.8,"MCDS",2012,2718390,3355340,0.495953,-0.210512,-0.424462223792093
"WEE","S2",0.8,"MCDS",2015,5543230,3359030,0.291339,0.500927,1.71938917046105
"WEE","S2",0.8,"MCDS",2018,8028080,1757970,0.170268,1.51878,8.91997123203157
"WEE","S2",0.8,"MCDS",2022,164380,562767,0.143898,-1.23068,-8.55248069748226
"FULL","S1",1,"MCDS",2012,4666810,5533190,0.223355,-0.170288,-0.762412965831243
"FULL","S1",1,"MCDS",2015,7228400,6508770,0.138711,0.104868,0.756012235979746
"FULL","S1",1,"MCDS",2018,6357570,6681630,0.127205,-0.0497165,-0.390831656677179
"FULL","S1",1,"MCDS",2022,2754900,6897590,0.975556,-0.917789,-0.940787541591256
"WEE","S1",1,"MCDS",2012,2540820,4387170,0.547956,-0.546197,-0.996790816620053
"WEE","S1",1,"MCDS",2015,4969410,3031970,0.302861,0.494089,1.63140367203424
"WEE","S1",1,"MCDS",2018,7747220,1564370,0.16811,1.59985,9.51669075190017
"WEE","S1",1,"MCDS",2022,92896.9,303759,0.138037,-1.18474,-8.58280278328724
"FULL","S2",1,"MCDS",2012,4666810,5961160,0.223355,-0.24479,-1.0959653388123
"FULL","S2",1,"MCDS",2015,7975830,7088090,0.130356,0.117999,0.9052119407735
"FULL","S2",1,"MCDS",2018,6913250,7270960,0.119831,-0.0504493,-0.420996839611909
"FULL","S2",1,"MCDS",2022,3515480,7494710,1.20206,-0.757023,-0.629770032107066
"WEE","S2",1,"MCDS",2012,2374850,7145660,0.605412,-1.10157,-1.81953925889603
"WEE","S2",1,"MCDS",2015,5074960,4758500,0.314838,0.0643867,0.204505652408953
"WEE","S2",1,"MCDS",2018,8343290,2306990,0.165979,1.28551,7.74503990532602
"WEE","S2",1,"MCDS",2022,77531.1,174618,0.132414,-0.81192,-6.13168988693686
