"Dataset","Scenario","q","Year","SSB","SSB_95_lo","SSB_95_hi","SSB_base","SSB_base_95_lo","SSB_base_95_hi"
"FULL","S1",0.2,1982,30238.4,27097.304,33379.496,30238.31,27097.214,33379.406
"FULL","S1",0.2,1983,28983.98,26172.556,31795.404,28983.88,26172.456,31795.304
"FULL","S1",0.2,1984,24457.89,21992.406,26923.374,24457.78,21992.296,26923.264
"FULL","S1",0.2,1985,21951.67,19823.306,24080.034,21951.56,19823.196,24079.924
"FULL","S1",0.2,1986,22143.3,19979.46,24307.14,22143.18,19979.34,24307.02
"FULL","S1",0.2,1987,22856.03,20622.218,25089.842,22855.91,20622.098,25089.722
"FULL","S1",0.2,1988,12798.61,11555.1664,14042.0536,12798.53,11555.0864,14041.9736
"FULL","S1",0.2,1989,7667.075,6957.5354,8376.6146,7667.019,6957.4794,8376.5586
"FULL","S1",0.2,1990,12326.73,11243.3792,13410.0808,12326.65,11243.2992,13410.0008
"FULL","S1",0.2,1991,14149.08,12908.8312,15389.3288,14148.99,12908.7412,15389.2388
"FULL","S1",0.2,1992,13117.76,12000.0112,14235.5088,13117.68,11999.9312,14235.4288
"FULL","S1",0.2,1993,14624.3,13394.1452,15854.4548,14624.21,13394.0552,15854.3648
"FULL","S1",0.2,1994,15964.31,14812.6532,17115.9668,15964.21,14812.5532,17115.8668
"FULL","S1",0.2,1995,21086.1,19673.724,22498.476,21086,19673.624,22498.376
"FULL","S1",0.2,1996,28968.8,27029.4192,30908.1808,28968.66,27029.2988,30908.0212
"FULL","S1",0.2,1997,35447.8,32961.148,37934.452,35447.64,32960.988,37934.292
"FULL","S1",0.2,1998,34677.99,32374.206,36981.774,34677.85,32374.066,36981.634
"FULL","S1",0.2,1999,35334.47,32778.63,37890.31,35334.34,32778.5,37890.18
"FULL","S1",0.2,2000,39809.48,37047.056,42571.904,39809.41,37046.986,42571.834
"FULL","S1",0.2,2001,50577.33,47256.11,53898.55,50577.35,47256.13,53898.57
"FULL","S1",0.2,2002,59045.42,55381.2,62709.64,59045.61,55381.39,62709.83
"FULL","S1",0.2,2003,66324.96,62345.572,70304.348,66325.45,62346.062,70304.838
"FULL","S1",0.2,2004,61631.75,58053.378,65210.122,61632.68,58054.308,65211.052
"FULL","S1",0.2,2005,58285.55,55083.89,61487.21,58287.16,55085.5,61488.82
"FULL","S1",0.2,2006,61497.68,58055.724,64939.636,61500.25,58058.294,64942.206
"FULL","S1",0.2,2007,60361.97,56969.602,63754.338,60365.65,56973.086,63758.214
"FULL","S1",0.2,2008,60315.05,56961.294,63668.806,60320.41,56966.458,63674.362
"FULL","S1",0.2,2009,61686.36,58266.748,65105.972,61693.67,58273.666,65113.674
"FULL","S1",0.2,2010,60345.03,56969.518,63720.542,60353.28,56977.376,63729.184
"FULL","S1",0.2,2011,54670.21,51432.486,57907.934,54677.28,51439.164,57915.396
"FULL","S1",0.2,2012,59247.93,55883.198,62612.662,59251.62,55886.692,62616.548
"FULL","S1",0.2,2013,52156.55,49066.806,55246.294,52154.71,49065.162,55244.258
"FULL","S1",0.2,2014,47846.45,44968.974,50723.926,47841.15,44964.066,50718.234
"FULL","S1",0.2,2015,42431.02,39838.528,45023.512,42423.63,39831.726,45015.534
"FULL","S1",0.2,2016,39217.14,36663.848,41770.432,39208.79,36656.282,41761.298
"FULL","S1",0.2,2017,37048.33,34421.538,39675.122,37039.5,34413.884,39665.116
"FULL","S1",0.2,2018,37608.59,34683.094,40534.086,37599.12,34674.996,40523.244
"FULL","S1",0.2,2019,38856.99,35412.094,42301.886,38846.37,35403.238,42289.502
"FULL","S1",0.2,2020,43037.58,38507.628,47567.532,43024.09,38496.49,47551.69
"FULL","S1",0.2,2021,41629.42,36363.88,46894.96,41614.58,36351.784,46877.376
"FULL","S1",0.2,2022,41008.38,34454.14,47562.62,40993.63,34442.722,47544.538
"FULL","S1",0.4,1982,30238.48,27097.384,33379.576,30238.31,27097.214,33379.406
"FULL","S1",0.4,1983,28984.08,26172.656,31795.504,28983.88,26172.456,31795.304
"FULL","S1",0.4,1984,24457.99,21992.506,26923.474,24457.78,21992.296,26923.264
"FULL","S1",0.4,1985,21951.76,19823.396,24080.124,21951.56,19823.196,24079.924
"FULL","S1",0.4,1986,22143.4,19979.56,24307.24,22143.18,19979.34,24307.02
"FULL","S1",0.4,1987,22856.15,20622.338,25089.962,22855.91,20622.098,25089.722
"FULL","S1",0.4,1988,12798.68,11555.2168,14042.1432,12798.53,11555.0864,14041.9736
"FULL","S1",0.4,1989,7667.129,6957.5698,8376.6882,7667.019,6957.4794,8376.5586
"FULL","S1",0.4,1990,12326.81,11243.4396,13410.1804,12326.65,11243.2992,13410.0008
"FULL","S1",0.4,1991,14149.17,12908.9016,15389.4384,14148.99,12908.7412,15389.2388
"FULL","S1",0.4,1992,13117.84,12000.0716,14235.6084,13117.68,11999.9312,14235.4288
"FULL","S1",0.4,1993,14624.39,13394.2352,15854.5448,14624.21,13394.0552,15854.3648
"FULL","S1",0.4,1994,15964.4,14812.7236,17116.0764,15964.21,14812.5532,17115.8668
"FULL","S1",0.4,1995,21086.21,19673.8144,22498.6056,21086,19673.624,22498.376
"FULL","S1",0.4,1996,28968.92,27029.5392,30908.3008,28968.66,27029.2988,30908.0212
"FULL","S1",0.4,1997,35447.96,32961.308,37934.612,35447.64,32960.988,37934.292
"FULL","S1",0.4,1998,34678.13,32374.346,36981.914,34677.85,32374.066,36981.634
"FULL","S1",0.4,1999,35334.61,32778.77,37890.45,35334.34,32778.5,37890.18
"FULL","S1",0.4,2000,39809.59,37047.166,42572.014,39809.41,37046.986,42571.834
"FULL","S1",0.4,2001,50577.36,47256.14,53898.58,50577.35,47256.13,53898.57
"FULL","S1",0.4,2002,59045.31,55381.09,62709.53,59045.61,55381.39,62709.83
"FULL","S1",0.4,2003,66324.59,62345.202,70303.978,66325.45,62346.062,70304.838
"FULL","S1",0.4,2004,61630.98,58052.804,65209.156,61632.68,58054.308,65211.052
"FULL","S1",0.4,2005,58284.16,55082.5,61485.82,58287.16,55085.5,61488.82
"FULL","S1",0.4,2006,61495.42,58053.66,64937.18,61500.25,58058.294,64942.206
"FULL","S1",0.4,2007,60358.67,56966.498,63750.842,60365.65,56973.086,63758.214
"FULL","S1",0.4,2008,60310.13,56956.57,63663.69,60320.41,56966.458,63674.362
"FULL","S1",0.4,2009,61679.55,58260.134,65098.966,61693.67,58273.666,65113.674
"FULL","S1",0.4,2010,60337.29,56962.17,63712.41,60353.28,56977.376,63729.184
"FULL","S1",0.4,2011,54663.58,51426.248,57900.912,54677.28,51439.164,57915.396
"FULL","S1",0.4,2012,59244.46,55880.12,62608.8,59251.62,55886.692,62616.548
"FULL","S1",0.4,2013,52158.35,49068.606,55248.094,52154.71,49065.162,55244.258
"FULL","S1",0.4,2014,47851.53,44973.662,50729.398,47841.15,44964.066,50718.234
"FULL","S1",0.4,2015,42438.07,39844.99,45031.15,42423.63,39831.726,45015.534
"FULL","S1",0.4,2016,39225.06,36670.984,41779.136,39208.79,36656.282,41761.298
"FULL","S1",0.4,2017,37056.68,34428.908,39684.452,37039.5,34413.884,39665.116
"FULL","S1",0.4,2018,37617.53,34690.858,40544.202,37599.12,34674.996,40523.244
"FULL","S1",0.4,2019,38866.98,35420.516,42313.444,38846.37,35403.238,42289.502
"FULL","S1",0.4,2020,43050.08,38517.972,47582.188,43024.09,38496.49,47551.69
"FULL","S1",0.4,2021,41642.95,36374.862,46911.038,41614.58,36351.784,46877.376
"FULL","S1",0.4,2022,41021.31,34463.934,47578.686,40993.63,34442.722,47544.538
"FULL","S1",0.6,1982,30238.55,27097.454,33379.646,30238.31,27097.214,33379.406
"FULL","S1",0.6,1983,28984.16,26172.736,31795.584,28983.88,26172.456,31795.304
"FULL","S1",0.6,1984,24458.07,21992.586,26923.554,24457.78,21992.296,26923.264
"FULL","S1",0.6,1985,21951.84,19823.476,24080.204,21951.56,19823.196,24079.924
"FULL","S1",0.6,1986,22143.48,19979.64,24307.32,22143.18,19979.34,24307.02
"FULL","S1",0.6,1987,22856.24,20622.428,25090.052,22855.91,20622.098,25089.722
"FULL","S1",0.6,1988,12798.74,11555.2768,14042.2032,12798.53,11555.0864,14041.9736
"FULL","S1",0.6,1989,7667.174,6957.6148,8376.7332,7667.019,6957.4794,8376.5586
"FULL","S1",0.6,1990,12326.88,11243.5096,13410.2504,12326.65,11243.2992,13410.0008
"FULL","S1",0.6,1991,14149.23,12908.9616,15389.4984,14148.99,12908.7412,15389.2388
"FULL","S1",0.6,1992,13117.9,12000.1316,14235.6684,13117.68,11999.9312,14235.4288
"FULL","S1",0.6,1993,14624.46,13394.2856,15854.6344,14624.21,13394.0552,15854.3648
"FULL","S1",0.6,1994,15964.47,14812.7936,17116.1464,15964.21,14812.5532,17115.8668
"FULL","S1",0.6,1995,21086.29,19673.8944,22498.6856,21086,19673.624,22498.376
"FULL","S1",0.6,1996,28969.02,27029.6196,30908.4204,28968.66,27029.2988,30908.0212
"FULL","S1",0.6,1997,35448.07,32961.418,37934.722,35447.64,32960.988,37934.292
"FULL","S1",0.6,1998,34678.23,32374.446,36982.014,34677.85,32374.066,36981.634
"FULL","S1",0.6,1999,35334.7,32778.86,37890.54,35334.34,32778.5,37890.18
"FULL","S1",0.6,2000,39809.63,37047.206,42572.054,39809.41,37046.986,42571.834
"FULL","S1",0.6,2001,50577.31,47256.09,53898.53,50577.35,47256.13,53898.57
"FULL","S1",0.6,2002,59045.09,55380.87,62709.31,59045.61,55381.39,62709.83
"FULL","S1",0.6,2003,66324.08,62344.692,70303.468,66325.45,62346.062,70304.838
"FULL","S1",0.6,2004,61630.09,58051.914,65208.266,61632.68,58054.308,65211.052
"FULL","S1",0.6,2005,58282.65,55081.186,61484.114,58287.16,55085.5,61488.82
"FULL","S1",0.6,2006,61493.03,58051.27,64934.79,61500.25,58058.294,64942.206
"FULL","S1",0.6,2007,60355.25,56963.274,63747.226,60365.65,56973.086,63758.214
"FULL","S1",0.6,2008,60305.12,56951.756,63658.484,60320.41,56966.458,63674.362
"FULL","S1",0.6,2009,61672.69,58253.666,65091.714,61693.67,58273.666,65113.674
"FULL","S1",0.6,2010,60329.54,56954.812,63704.268,60353.28,56977.376,63729.184
"FULL","S1",0.6,2011,54656.93,51419.99,57893.87,54677.28,51439.164,57915.396
"FULL","S1",0.6,2012,59240.93,55876.786,62605.074,59251.62,55886.692,62616.548
"FULL","S1",0.6,2013,52159.92,49070.176,55249.664,52154.71,49065.162,55244.258
"FULL","S1",0.6,2014,47856.3,44978.236,50734.364,47841.15,44964.066,50718.234
"FULL","S1",0.6,2015,42444.75,39851.082,45038.418,42423.63,39831.726,45015.534
"FULL","S1",0.6,2016,39232.56,36677.7,41787.42,39208.79,36656.282,41761.298
"FULL","S1",0.6,2017,37064.54,34435.788,39693.292,37039.5,34413.884,39665.116
"FULL","S1",0.6,2018,37625.8,34697.756,40553.844,37599.12,34674.996,40523.244
"FULL","S1",0.6,2019,38876.02,35427.988,42324.052,38846.37,35403.238,42289.502
"FULL","S1",0.6,2020,43061.13,38526.866,47595.394,43024.09,38496.49,47551.69
"FULL","S1",0.6,2021,41654.63,36384.19,46925.07,41614.58,36351.784,46877.376
"FULL","S1",0.6,2022,41031.92,34471.8,47592.04,40993.63,34442.722,47544.538
"FULL","S1",0.8,1982,30238.61,27097.514,33379.706,30238.31,27097.214,33379.406
"FULL","S1",0.8,1983,28984.22,26172.796,31795.644,28983.88,26172.456,31795.304
"FULL","S1",0.8,1984,24458.14,21992.656,26923.624,24457.78,21992.296,26923.264
"FULL","S1",0.8,1985,21951.91,19823.546,24080.274,21951.56,19823.196,24079.924
"FULL","S1",0.8,1986,22143.55,19979.71,24307.39,22143.18,19979.34,24307.02
"FULL","S1",0.8,1987,22856.31,20622.498,25090.122,22855.91,20622.098,25089.722
"FULL","S1",0.8,1988,12798.79,11555.3268,14042.2532,12798.53,11555.0864,14041.9736
"FULL","S1",0.8,1989,7667.216,6957.6568,8376.7752,7667.019,6957.4794,8376.5586
"FULL","S1",0.8,1990,12326.93,11243.5596,13410.3004,12326.65,11243.2992,13410.0008
"FULL","S1",0.8,1991,14149.29,12909.0216,15389.5584,14148.99,12908.7412,15389.2388
"FULL","S1",0.8,1992,13117.96,12000.1916,14235.7284,13117.68,11999.9312,14235.4288
"FULL","S1",0.8,1993,14624.52,13394.3456,15854.6944,14624.21,13394.0552,15854.3648
"FULL","S1",0.8,1994,15964.54,14812.8636,17116.2164,15964.21,14812.5532,17115.8668
"FULL","S1",0.8,1995,21086.36,19673.9644,22498.7556,21086,19673.624,22498.376
"FULL","S1",0.8,1996,28969.1,27029.6996,30908.5004,28968.66,27029.2988,30908.0212
"FULL","S1",0.8,1997,35448.17,32961.518,37934.822,35447.64,32960.988,37934.292
"FULL","S1",0.8,1998,34678.31,32374.526,36982.094,34677.85,32374.066,36981.634
"FULL","S1",0.8,1999,35334.78,32778.94,37890.62,35334.34,32778.5,37890.18
"FULL","S1",0.8,2000,39809.65,37047.226,42572.074,39809.41,37046.986,42571.834
"FULL","S1",0.8,2001,50577.24,47256.02,53898.46,50577.35,47256.13,53898.57
"FULL","S1",0.8,2002,59044.85,55380.63,62709.07,59045.61,55381.39,62709.83
"FULL","S1",0.8,2003,66323.57,62344.378,70302.762,66325.45,62346.062,70304.838
"FULL","S1",0.8,2004,61629.2,58051.024,65207.376,61632.68,58054.308,65211.052
"FULL","S1",0.8,2005,58281.17,55079.706,61482.634,58287.16,55085.5,61488.82
"FULL","S1",0.8,2006,61490.69,58049.126,64932.254,61500.25,58058.294,64942.206
"FULL","S1",0.8,2007,60351.92,56960.14,63743.7,60365.65,56973.086,63758.214
"FULL","S1",0.8,2008,60300.25,56947.082,63653.418,60320.41,56966.458,63674.362
"FULL","S1",0.8,2009,61666.04,58247.212,65084.868,61693.67,58273.666,65113.674
"FULL","S1",0.8,2010,60322.03,56947.694,63696.366,60353.28,56977.376,63729.184
"FULL","S1",0.8,2011,54650.46,51413.912,57887.008,54677.28,51439.164,57915.396
"FULL","S1",0.8,2012,59237.42,55873.472,62601.368,59251.62,55886.692,62616.548
"FULL","S1",0.8,2013,52161.31,49071.37,55251.25,52154.71,49065.162,55244.258
"FULL","S1",0.8,2014,47860.83,44982.374,50739.286,47841.15,44964.066,50718.234
"FULL","S1",0.8,2015,42451.13,39856.874,45045.386,42423.63,39831.726,45015.534
"FULL","S1",0.8,2016,39239.74,36684.096,41795.384,39208.79,36656.282,41761.298
"FULL","S1",0.8,2017,37072.06,34442.524,39701.596,37039.5,34413.884,39665.116
"FULL","S1",0.8,2018,37633.68,34704.656,40562.704,37599.12,34674.996,40523.244
"FULL","S1",0.8,2019,38884.54,35435.136,42333.944,38846.37,35403.238,42289.502
"FULL","S1",0.8,2020,43071.35,38535.126,47607.574,43024.09,38496.49,47551.69
"FULL","S1",0.8,2021,41665.2,36392.408,46937.992,41614.58,36351.784,46877.376
"FULL","S1",0.8,2022,41040.93,34478.066,47603.794,40993.63,34442.722,47544.538
"FULL","S1",1,1982,30238.66,27097.564,33379.756,30238.31,27097.214,33379.406
"FULL","S1",1,1983,28984.28,26172.856,31795.704,28983.88,26172.456,31795.304
"FULL","S1",1,1984,24458.2,21992.716,26923.684,24457.78,21992.296,26923.264
"FULL","S1",1,1985,21951.97,19823.606,24080.334,21951.56,19823.196,24079.924
"FULL","S1",1,1986,22143.61,19979.77,24307.45,22143.18,19979.34,24307.02
"FULL","S1",1,1987,22856.38,20622.568,25090.192,22855.91,20622.098,25089.722
"FULL","S1",1,1988,12798.84,11555.3572,14042.3228,12798.53,11555.0864,14041.9736
"FULL","S1",1,1989,7667.255,6957.6958,8376.8142,7667.019,6957.4794,8376.5586
"FULL","S1",1,1990,12326.98,11243.6096,13410.3504,12326.65,11243.2992,13410.0008
"FULL","S1",1,1991,14149.34,12909.052,15389.628,14148.99,12908.7412,15389.2388
"FULL","S1",1,1992,13118.01,12000.222,14235.798,13117.68,11999.9312,14235.4288
"FULL","S1",1,1993,14624.58,13394.4056,15854.7544,14624.21,13394.0552,15854.3648
"FULL","S1",1,1994,15964.6,14812.904,17116.296,15964.21,14812.5532,17115.8668
"FULL","S1",1,1995,21086.42,19674.0048,22498.8352,21086,19673.624,22498.376
"FULL","S1",1,1996,28969.16,27029.7596,30908.5604,28968.66,27029.2988,30908.0212
"FULL","S1",1,1997,35448.24,32961.588,37934.892,35447.64,32960.988,37934.292
"FULL","S1",1,1998,34678.38,32374.596,36982.164,34677.85,32374.066,36981.634
"FULL","S1",1,1999,35334.84,32779,37890.68,35334.34,32778.5,37890.18
"FULL","S1",1,2000,39809.67,37047.246,42572.094,39809.41,37046.986,42571.834
"FULL","S1",1,2001,50577.16,47255.94,53898.38,50577.35,47256.13,53898.57
"FULL","S1",1,2002,59044.61,55380.39,62708.83,59045.61,55381.39,62709.83
"FULL","S1",1,2003,66323.06,62343.868,70302.252,66325.45,62346.062,70304.838
"FULL","S1",1,2004,61628.33,58050.154,65206.506,61632.68,58054.308,65211.052
"FULL","S1",1,2005,58279.72,55078.256,61481.184,58287.16,55085.5,61488.82
"FULL","S1",1,2006,61488.42,58047.052,64929.788,61500.25,58058.294,64942.206
"FULL","S1",1,2007,60348.69,56956.91,63740.47,60365.65,56973.086,63758.214
"FULL","S1",1,2008,60295.54,56942.568,63648.512,60320.41,56966.458,63674.362
"FULL","S1",1,2009,61659.62,58241.184,65078.056,61693.67,58273.666,65113.674
"FULL","S1",1,2010,60314.82,56940.876,63688.764,60353.28,56977.376,63729.184
"FULL","S1",1,2011,54644.32,51408.164,57880.476,54677.28,51439.164,57915.396
"FULL","S1",1,2012,59234.24,55870.684,62597.796,59251.62,55886.692,62616.548
"FULL","S1",1,2013,52162.94,49073,55252.88,52154.71,49065.162,55244.258
"FULL","S1",1,2014,47865.35,44986.502,50744.198,47841.15,44964.066,50718.234
"FULL","S1",1,2015,42457.35,39862.702,45051.998,42423.63,39831.726,45015.534
"FULL","S1",1,2016,39246.67,36690.438,41802.902,39208.79,36656.282,41761.298
"FULL","S1",1,2017,37079.19,34448.674,39709.706,37039.5,34413.884,39665.116
"FULL","S1",1,2018,37641.06,34710.86,40571.26,37599.12,34674.996,40523.244
"FULL","S1",1,2019,38892.37,35441.594,42343.146,38846.37,35403.238,42289.502
"FULL","S1",1,2020,43080.49,38542.502,47618.478,43024.09,38496.49,47551.69
"FULL","S1",1,2021,41674.37,36399.618,46949.122,41614.58,36351.784,46877.376
"FULL","S1",1,2022,41048.15,34482.934,47613.366,40993.63,34442.722,47544.538
"FULL","S2",0.2,1982,30239.17,27097.878,33380.462,30238.31,27097.214,33379.406
"FULL","S2",0.2,1983,28985.21,26173.59,31796.83,28983.88,26172.456,31795.304
"FULL","S2",0.2,1984,24459.15,21993.666,26924.634,24457.78,21992.296,26923.264
"FULL","S2",0.2,1985,21952.94,19824.576,24081.304,21951.56,19823.196,24079.924
"FULL","S2",0.2,1986,22144.67,19980.634,24308.706,22143.18,19979.34,24307.02
"FULL","S2",0.2,1987,22857.63,20623.622,25091.638,22855.91,20622.098,25089.722
"FULL","S2",0.2,1988,12799.44,11555.8788,14043.0012,12798.53,11555.0864,14041.9736
"FULL","S2",0.2,1989,7667.529,6957.9306,8377.1274,7667.019,6957.4794,8376.5586
"FULL","S2",0.2,1990,12327.63,11244.1812,13411.0788,12326.65,11243.2992,13410.0008
"FULL","S2",0.2,1991,14150.07,12909.7036,15390.4364,14148.99,12908.7412,15389.2388
"FULL","S2",0.2,1992,13118.58,12000.7332,14236.4268,13117.68,11999.9312,14235.4288
"FULL","S2",0.2,1993,14625.17,13394.9172,15855.4228,14624.21,13394.0552,15854.3648
"FULL","S2",0.2,1994,15965.2,14813.4648,17116.9352,15964.21,14812.5532,17115.8668
"FULL","S2",0.2,1995,21087.38,19674.8864,22499.8736,21086,19673.624,22498.376
"FULL","S2",0.2,1996,28970.67,27031.1324,30910.2076,28968.66,27029.2988,30908.0212
"FULL","S2",0.2,1997,35450.14,32963.292,37936.988,35447.64,32960.988,37934.292
"FULL","S2",0.2,1998,34679.94,32375.96,36983.92,34677.85,32374.066,36981.634
"FULL","S2",0.2,1999,35336.54,32780.504,37892.576,35334.34,32778.5,37890.18
"FULL","S2",0.2,2000,39811.5,37048.88,42574.12,39809.41,37046.986,42571.834
"FULL","S2",0.2,2001,50579.7,47258.284,53901.116,50577.35,47256.13,53898.57
"FULL","S2",0.2,2002,59047.91,55383.494,62712.326,59045.61,55381.39,62709.83
"FULL","S2",0.2,2003,66327.21,62347.626,70306.794,66325.45,62346.062,70304.838
"FULL","S2",0.2,2004,61632.75,58054.378,65211.122,61632.68,58054.308,65211.052
"FULL","S2",0.2,2005,58284.68,55083.02,61486.34,58287.16,55085.5,61488.82
"FULL","S2",0.2,2006,61494.9,58052.944,64936.856,61500.25,58058.294,64942.206
"FULL","S2",0.2,2007,60357.07,56964.898,63749.242,60365.65,56973.086,63758.214
"FULL","S2",0.2,2008,60307.27,56953.71,63660.83,60320.41,56966.458,63674.362
"FULL","S2",0.2,2009,61675.55,58256.134,65094.966,61693.67,58273.666,65113.674
"FULL","S2",0.2,2010,60332.75,56957.63,63707.87,60353.28,56977.376,63729.184
"FULL","S2",0.2,2011,54659.55,51422.218,57896.882,54677.28,51439.164,57915.396
"FULL","S2",0.2,2012,59243.01,55878.278,62607.742,59251.62,55886.692,62616.548
"FULL","S2",0.2,2013,52161.05,49070.522,55251.578,52154.71,49065.162,55244.258
"FULL","S2",0.2,2014,47859.95,44980.906,50738.994,47841.15,44964.066,50718.234
"FULL","S2",0.2,2015,42451.62,39856.58,45046.66,42423.63,39831.726,45015.534
"FULL","S2",0.2,2016,39244.68,36687.86,41801.5,39208.79,36656.282,41761.298
"FULL","S2",0.2,2017,37083.45,34452.15,39714.75,37039.5,34413.884,39665.116
"FULL","S2",0.2,2018,37656.29,34724.522,40588.058,37599.12,34674.996,40523.244
"FULL","S2",0.2,2019,38924.96,35471.244,42378.676,38846.37,35403.238,42289.502
"FULL","S2",0.2,2020,43143.42,38599.748,47687.092,43024.09,38496.49,47551.69
"FULL","S2",0.2,2021,41762.72,36479.932,47045.508,41614.58,36351.784,46877.376
"FULL","S2",0.2,2022,41181.93,34605.738,47758.122,40993.63,34442.722,47544.538
"FULL","S2",0.4,1982,30239.98,27098.688,33381.272,30238.31,27097.214,33379.406
"FULL","S2",0.4,1983,28986.47,26174.654,31798.286,28983.88,26172.456,31795.304
"FULL","S2",0.4,1984,24460.46,21994.78,26926.14,24457.78,21992.296,26923.264
"FULL","S2",0.4,1985,21954.26,19825.7,24082.82,21951.56,19823.196,24079.924
"FULL","S2",0.4,1986,22146.08,19981.848,24310.312,22143.18,19979.34,24307.02
"FULL","S2",0.4,1987,22859.28,20625.076,25093.484,22855.91,20622.098,25089.722
"FULL","S2",0.4,1988,12800.31,11556.6312,14043.9888,12798.53,11555.0864,14041.9736
"FULL","S2",0.4,1989,7668.016,6958.3784,8377.6536,7667.019,6957.4794,8376.5586
"FULL","S2",0.4,1990,12328.56,11245.0132,13412.1068,12326.65,11243.2992,13410.0008
"FULL","S2",0.4,1991,14151.1,12910.616,15391.584,14148.99,12908.7412,15389.2388
"FULL","S2",0.4,1992,13119.44,12001.5148,14237.3652,13117.68,11999.9312,14235.4288
"FULL","S2",0.4,1993,14626.09,13395.7392,15856.4408,14624.21,13394.0552,15854.3648
"FULL","S2",0.4,1994,15966.14,14814.3068,17117.9732,15964.21,14812.5532,17115.8668
"FULL","S2",0.4,1995,21088.7,19676.1084,22501.2916,21086,19673.624,22498.376
"FULL","S2",0.4,1996,28972.58,27032.866,30912.294,28968.66,27029.2988,30908.0212
"FULL","S2",0.4,1997,35452.54,32965.496,37939.584,35447.64,32960.988,37934.292
"FULL","S2",0.4,1998,34681.94,32377.764,36986.116,34677.85,32374.066,36981.634
"FULL","S2",0.4,1999,35338.64,32782.408,37894.872,35334.34,32778.5,37890.18
"FULL","S2",0.4,2000,39813.51,37050.694,42576.326,39809.41,37046.986,42571.834
"FULL","S2",0.4,2001,50581.96,47260.348,53903.572,50577.35,47256.13,53898.57
"FULL","S2",0.4,2002,59050.12,55385.508,62714.732,59045.61,55381.39,62709.83
"FULL","S2",0.4,2003,66328.9,62349.12,70308.68,66325.45,62346.062,70304.838
"FULL","S2",0.4,2004,61632.84,58054.272,65211.408,61632.68,58054.308,65211.052
"FULL","S2",0.4,2005,58282.32,55080.66,61483.98,58287.16,55085.5,61488.82
"FULL","S2",0.4,2006,61489.8,58048.04,64931.56,61500.25,58058.294,64942.206
"FULL","S2",0.4,2007,60348.89,56956.914,63740.866,60365.65,56973.086,63758.214
"FULL","S2",0.4,2008,60294.72,56941.552,63647.888,60320.41,56966.458,63674.362
"FULL","S2",0.4,2009,61658.22,58239.392,65077.048,61693.67,58273.666,65113.674
"FULL","S2",0.4,2010,60313.1,56938.568,63687.632,60353.28,56977.376,63729.184
"FULL","S2",0.4,2011,54642.58,51405.836,57879.324,54677.28,51439.164,57915.396
"FULL","S2",0.4,2012,59234.7,55870.164,62599.236,59251.62,55886.692,62616.548
"FULL","S2",0.4,2013,52166.97,49075.658,55258.282,52154.71,49065.162,55244.258
"FULL","S2",0.4,2014,47877.75,44996.55,50758.95,47841.15,44964.066,50718.234
"FULL","S2",0.4,2015,42478.24,39880.26,45076.22,42423.63,39831.726,45015.534
"FULL","S2",0.4,2016,39278.98,36717.848,41840.112,39208.79,36656.282,41761.298
"FULL","S2",0.4,2017,37125.61,34488.822,39762.398,37039.5,34413.884,39665.116
"FULL","S2",0.4,2018,37711.2,34772.18,40650.22,37599.12,34674.996,40523.244
"FULL","S2",0.4,2019,39000.47,35536.562,42464.378,38846.37,35403.238,42289.502
"FULL","S2",0.4,2020,43257.96,38699,47816.92,43024.09,38496.49,47551.69
"FULL","S2",0.4,2021,41904.69,36602.89,47206.49,41614.58,36351.784,46877.376
"FULL","S2",0.4,2022,41362.23,34761.734,47962.726,40993.63,34442.722,47544.538
"FULL","S2",0.6,1982,30240.77,27099.478,33382.062,30238.31,27097.214,33379.406
"FULL","S2",0.6,1983,28987.69,26175.874,31799.506,28983.88,26172.456,31795.304
"FULL","S2",0.6,1984,24461.72,21995.844,26927.596,24457.78,21992.296,26923.264
"FULL","S2",0.6,1985,21955.53,19826.774,24084.286,21951.56,19823.196,24079.924
"FULL","S2",0.6,1986,22147.44,19983.208,24311.672,22143.18,19979.34,24307.02
"FULL","S2",0.6,1987,22860.87,20626.47,25095.27,22855.91,20622.098,25089.722
"FULL","S2",0.6,1988,12801.15,11557.3732,14044.9268,12798.53,11555.0864,14041.9736
"FULL","S2",0.6,1989,7668.486,6958.8092,8378.1628,7667.019,6957.4794,8376.5586
"FULL","S2",0.6,1990,12329.46,11245.8152,13413.1048,12326.65,11243.2992,13410.0008
"FULL","S2",0.6,1991,14152.1,12911.518,15392.682,14148.99,12908.7412,15389.2388
"FULL","S2",0.6,1992,13120.26,12002.2368,14238.2832,13117.68,11999.9312,14235.4288
"FULL","S2",0.6,1993,14626.98,13396.5508,15857.4092,14624.21,13394.0552,15854.3648
"FULL","S2",0.6,1994,15967.05,14815.1384,17118.9616,15964.21,14812.5532,17115.8668
"FULL","S2",0.6,1995,21089.97,19677.2804,22502.6596,21086,19673.624,22498.376
"FULL","S2",0.6,1996,28974.43,27034.5396,30914.3204,28968.66,27029.2988,30908.0212
"FULL","S2",0.6,1997,35454.85,32967.414,37942.286,35447.64,32960.988,37934.292
"FULL","S2",0.6,1998,34683.87,32379.498,36988.242,34677.85,32374.066,36981.634
"FULL","S2",0.6,1999,35340.66,32784.232,37897.088,35334.34,32778.5,37890.18
"FULL","S2",0.6,2000,39815.44,37052.428,42578.452,39809.41,37046.986,42571.834
"FULL","S2",0.6,2001,50584.13,47262.322,53905.938,50577.35,47256.13,53898.57
"FULL","S2",0.6,2002,59052.24,55387.432,62717.048,59045.61,55381.39,62709.83
"FULL","S2",0.6,2003,66330.52,62350.544,70310.496,66325.45,62346.062,70304.838
"FULL","S2",0.6,2004,61632.92,58054.156,65211.684,61632.68,58054.308,65211.052
"FULL","S2",0.6,2005,58280.04,55078.38,61481.7,58287.16,55085.5,61488.82
"FULL","S2",0.6,2006,61484.88,58043.316,64926.444,61500.25,58058.294,64942.206
"FULL","S2",0.6,2007,60340.99,56949.21,63732.77,60365.65,56973.086,63758.214
"FULL","S2",0.6,2008,60282.62,56929.844,63635.396,60320.41,56966.458,63674.362
"FULL","S2",0.6,2009,61641.57,58223.33,65059.81,61693.67,58273.666,65113.674
"FULL","S2",0.6,2010,60294.27,56920.522,63668.018,60353.28,56977.376,63729.184
"FULL","S2",0.6,2011,54626.34,51390.184,57862.496,54677.28,51439.164,57915.396
"FULL","S2",0.6,2012,59226.81,55862.47,62591.15,59251.62,55886.692,62616.548
"FULL","S2",0.6,2013,52172.69,49080.398,55264.982,52154.71,49065.162,55244.258
"FULL","S2",0.6,2014,47894.97,45012.006,50777.934,47841.15,44964.066,50718.234
"FULL","S2",0.6,2015,42503.97,39903.05,45104.89,42423.63,39831.726,45015.534
"FULL","S2",0.6,2016,39312.12,36747.068,41877.172,39208.79,36656.282,41761.298
"FULL","S2",0.6,2017,37166.3,34524.22,39808.38,37039.5,34413.884,39665.116
"FULL","S2",0.6,2018,37764.21,34818.134,40710.286,37599.12,34674.996,40523.244
"FULL","S2",0.6,2019,39073.29,35599.386,42547.194,38846.37,35403.238,42289.502
"FULL","S2",0.6,2020,43368.17,38794.314,47942.026,43024.09,38496.49,47551.69
"FULL","S2",0.6,2021,42041.15,36720.926,47361.374,41614.58,36351.784,46877.376
"FULL","S2",0.6,2022,41535.39,34911.57,48159.21,40993.63,34442.722,47544.538
"FULL","S2",0.8,1982,30241.52,27100.032,33383.008,30238.31,27097.214,33379.406
"FULL","S2",0.8,1983,28988.86,26176.848,31800.872,28983.88,26172.456,31795.304
"FULL","S2",0.8,1984,24462.94,21997.064,26928.816,24457.78,21992.296,26923.264
"FULL","S2",0.8,1985,21956.75,19827.994,24085.506,21951.56,19823.196,24079.924
"FULL","S2",0.8,1986,22148.75,19984.322,24313.178,22143.18,19979.34,24307.02
"FULL","S2",0.8,1987,22862.39,20627.794,25096.986,22855.91,20622.098,25089.722
"FULL","S2",0.8,1988,12801.96,11558.0852,14045.8348,12798.53,11555.0864,14041.9736
"FULL","S2",0.8,1989,7668.937,6959.221,8378.653,7667.019,6957.4794,8376.5586
"FULL","S2",0.8,1990,12330.33,11246.6068,13414.0532,12326.65,11243.2992,13410.0008
"FULL","S2",0.8,1991,14153.05,12912.3504,15393.7496,14148.99,12908.7412,15389.2388
"FULL","S2",0.8,1992,13121.05,12002.9484,14239.1516,13117.68,11999.9312,14235.4288
"FULL","S2",0.8,1993,14627.83,13397.3028,15858.3572,14624.21,13394.0552,15854.3648
"FULL","S2",0.8,1994,15967.92,14815.93,17119.91,15964.21,14812.5532,17115.8668
"FULL","S2",0.8,1995,21091.19,19678.3828,22503.9972,21086,19673.624,22498.376
"FULL","S2",0.8,1996,28976.2,27036.1528,30916.2472,28968.66,27029.2988,30908.0212
"FULL","S2",0.8,1997,35457.06,32969.428,37944.692,35447.64,32960.988,37934.292
"FULL","S2",0.8,1998,34685.72,32381.152,36990.288,34677.85,32374.066,36981.634
"FULL","S2",0.8,1999,35342.6,32785.976,37899.224,35334.34,32778.5,37890.18
"FULL","S2",0.8,2000,39817.3,37054.288,42580.312,39809.41,37046.986,42571.834
"FULL","S2",0.8,2001,50586.22,47264.216,53908.224,50577.35,47256.13,53898.57
"FULL","S2",0.8,2002,59054.3,55389.296,62719.304,59045.61,55381.39,62709.83
"FULL","S2",0.8,2003,66332.1,62351.928,70312.272,66325.45,62346.062,70304.838
"FULL","S2",0.8,2004,61633.01,58054.246,65211.774,61632.68,58054.308,65211.052
"FULL","S2",0.8,2005,58277.88,55076.22,61479.54,58287.16,55085.5,61488.82
"FULL","S2",0.8,2006,61480.19,58038.822,64921.558,61500.25,58058.294,64942.206
"FULL","S2",0.8,2007,60333.45,56942.062,63724.838,60365.65,56973.086,63758.214
"FULL","S2",0.8,2008,60271.05,56918.47,63623.63,60320.41,56966.458,63674.362
"FULL","S2",0.8,2009,61625.62,58207.772,65043.468,61693.67,58273.666,65113.674
"FULL","S2",0.8,2010,60276.23,56903.07,63649.39,60353.28,56977.376,63729.184
"FULL","S2",0.8,2011,54610.79,51375.418,57846.162,54677.28,51439.164,57915.396
"FULL","S2",0.8,2012,59219.25,55855.106,62583.394,59251.62,55886.692,62616.548
"FULL","S2",0.8,2013,52178.16,49085.084,55271.236,52154.71,49065.162,55244.258
"FULL","S2",0.8,2014,47911.41,45026.682,50796.138,47841.15,44964.066,50718.234
"FULL","S2",0.8,2015,42528.57,39924.906,45132.234,42423.63,39831.726,45015.534
"FULL","S2",0.8,2016,39343.93,36774.958,41912.902,39208.79,36656.282,41761.298
"FULL","S2",0.8,2017,37205.48,34558.304,39852.656,37039.5,34413.884,39665.116
"FULL","S2",0.8,2018,37815.33,34862.394,40768.266,37599.12,34674.996,40523.244
"FULL","S2",0.8,2019,39143.54,35660.228,42626.852,38846.37,35403.238,42289.502
"FULL","S2",0.8,2020,43474.48,38886.316,48062.644,43024.09,38496.49,47551.69
"FULL","S2",0.8,2021,42172.7,36834.836,47510.564,41614.58,36351.784,46877.376
"FULL","S2",0.8,2022,41702.28,35055.92,48348.64,40993.63,34442.722,47544.538
"FULL","S2",1,1982,30242.26,27100.772,33383.748,30238.31,27097.214,33379.406
"FULL","S2",1,1983,28989.99,26177.978,31802.002,28983.88,26172.456,31795.304
"FULL","S2",1,1984,24464.11,21998.038,26930.182,24457.78,21992.296,26923.264
"FULL","S2",1,1985,21957.92,19828.968,24086.872,21951.56,19823.196,24079.924
"FULL","S2",1,1986,22150.02,19985.396,24314.644,22143.18,19979.34,24307.02
"FULL","S2",1,1987,22863.86,20629.068,25098.652,22855.91,20622.098,25089.722
"FULL","S2",1,1988,12802.73,11558.7376,14046.7224,12798.53,11555.0864,14041.9736
"FULL","S2",1,1989,7669.373,6959.5982,8379.1478,7667.019,6957.4794,8376.5586
"FULL","S2",1,1990,12331.16,11247.3584,13414.9616,12326.65,11243.2992,13410.0008
"FULL","S2",1,1991,14153.97,12913.1724,15394.7676,14148.99,12908.7412,15389.2388
"FULL","S2",1,1992,13121.81,12003.63,14239.99,13117.68,11999.9312,14235.4288
"FULL","S2",1,1993,14628.66,13398.0544,15859.2656,14624.21,13394.0552,15854.3648
"FULL","S2",1,1994,15968.76,14816.7112,17120.8088,15964.21,14812.5532,17115.8668
"FULL","S2",1,1995,21092.37,19679.4844,22505.2556,21086,19673.624,22498.376
"FULL","S2",1,1996,28977.91,27037.706,30918.114,28968.66,27029.2988,30908.0212
"FULL","S2",1,1997,35459.2,32971.372,37947.028,35447.64,32960.988,37934.292
"FULL","S2",1,1998,34687.5,32382.932,36992.068,34677.85,32374.066,36981.634
"FULL","S2",1,1999,35344.47,32787.65,37901.29,35334.34,32778.5,37890.18
"FULL","S2",1,2000,39819.09,37055.882,42582.298,39809.41,37046.986,42571.834
"FULL","S2",1,2001,50588.22,47266.02,53910.42,50577.35,47256.13,53898.57
"FULL","S2",1,2002,59056.24,55391.04,62721.44,59045.61,55381.39,62709.83
"FULL","S2",1,2003,66333.58,62353.212,70313.948,66325.45,62346.062,70304.838
"FULL","S2",1,2004,61633.06,58054.1,65212.02,61632.68,58054.308,65211.052
"FULL","S2",1,2005,58275.75,55074.09,61477.41,58287.16,55085.5,61488.82
"FULL","S2",1,2006,61475.6,58034.232,64916.968,61500.25,58058.294,64942.206
"FULL","S2",1,2007,60326.11,56934.918,63717.302,60365.65,56973.086,63758.214
"FULL","S2",1,2008,60259.82,56907.632,63612.008,60320.41,56966.458,63674.362
"FULL","S2",1,2009,61610.14,58192.684,65027.596,61693.67,58273.666,65113.674
"FULL","S2",1,2010,60258.75,56886.178,63631.322,60353.28,56977.376,63729.184
"FULL","S2",1,2011,54595.72,51360.936,57830.504,54677.28,51439.164,57915.396
"FULL","S2",1,2012,59211.89,55847.942,62575.838,59251.62,55886.692,62616.548
"FULL","S2",1,2013,52183.37,49089.51,55277.23,52154.71,49065.162,55244.258
"FULL","S2",1,2014,47927.32,45040.828,50813.812,47841.15,44964.066,50718.234
"FULL","S2",1,2015,42552.44,39946.032,45158.848,42423.63,39831.726,45015.534
"FULL","S2",1,2016,39374.82,36801.928,41947.712,39208.79,36656.282,41761.298
"FULL","S2",1,2017,37243.49,34591.414,39895.566,37039.5,34413.884,39665.116
"FULL","S2",1,2018,37864.88,34905.28,40824.48,37599.12,34674.996,40523.244
"FULL","S2",1,2019,39211.56,35719.036,42704.084,38846.37,35403.238,42289.502
"FULL","S2",1,2020,43577.25,38975.366,48179.134,43024.09,38496.49,47551.69
"FULL","S2",1,2021,42299.74,36944.824,47654.656,41614.58,36351.784,46877.376
"FULL","S2",1,2022,41863.36,35195.44,48531.28,40993.63,34442.722,47544.538
"WEE","S1",0.2,1982,30237.92,27096.824,33379.016,30238.31,27097.214,33379.406
"WEE","S1",0.2,1983,28983.29,26171.866,31794.714,28983.88,26172.456,31795.304
"WEE","S1",0.2,1984,24457.14,21991.852,26922.428,24457.78,21992.296,26923.264
"WEE","S1",0.2,1985,21950.91,19822.742,24079.078,21951.56,19823.196,24079.924
"WEE","S1",0.2,1986,22142.48,19978.64,24306.32,22143.18,19979.34,24307.02
"WEE","S1",0.2,1987,22855.1,20621.484,25088.716,22855.91,20622.098,25089.722
"WEE","S1",0.2,1988,12798.07,11554.6852,14041.4548,12798.53,11555.0864,14041.9736
"WEE","S1",0.2,1989,7666.741,6957.221,8376.261,7667.019,6957.4794,8376.5586
"WEE","S1",0.2,1990,12326.17,11242.878,13409.462,12326.65,11243.2992,13410.0008
"WEE","S1",0.2,1991,14148.47,12908.28,15388.66,14148.99,12908.7412,15389.2388
"WEE","S1",0.2,1992,13117.24,11999.5304,14234.9496,13117.68,11999.9312,14235.4288
"WEE","S1",0.2,1993,14623.72,13393.624,15853.816,14624.21,13394.0552,15854.3648
"WEE","S1",0.2,1994,15963.71,14812.0924,17115.3276,15964.21,14812.5532,17115.8668
"WEE","S1",0.2,1995,21085.34,19673.0228,22497.6572,21086,19673.624,22498.376
"WEE","S1",0.2,1996,28967.79,27028.5072,30907.0728,28968.66,27029.2988,30908.0212
"WEE","S1",0.2,1997,35446.58,32960.124,37933.036,35447.64,32960.988,37934.292
"WEE","S1",0.2,1998,34676.98,32373.196,36980.764,34677.85,32374.066,36981.634
"WEE","S1",0.2,1999,35333.5,32777.856,37889.144,35334.34,32778.5,37890.18
"WEE","S1",0.2,2000,39808.86,37046.436,42571.284,39809.41,37046.986,42571.834
"WEE","S1",0.2,2001,50577.24,47256.02,53898.46,50577.35,47256.13,53898.57
"WEE","S1",0.2,2002,59046.39,55382.17,62710.61,59045.61,55381.39,62709.83
"WEE","S1",0.2,2003,66327.83,62348.442,70307.218,66325.45,62346.062,70304.838
"WEE","S1",0.2,2004,61637.52,58058.952,65216.088,61632.68,58054.308,65211.052
"WEE","S1",0.2,2005,58295.97,55093.722,61498.218,58287.16,55085.5,61488.82
"WEE","S1",0.2,2006,61514.69,58071.95,64957.43,61500.25,58058.294,64942.206
"WEE","S1",0.2,2007,60386.74,56993.196,63780.284,60365.65,56973.086,63758.214
"WEE","S1",0.2,2008,60351.1,56995.776,63706.424,60320.41,56966.458,63674.362
"WEE","S1",0.2,2009,61733.39,58311.622,65155.158,61693.67,58273.666,65113.674
"WEE","S1",0.2,2010,60390.73,57012.866,63768.594,60353.28,56977.376,63729.184
"WEE","S1",0.2,2011,54701.45,51461.57,57941.33,54677.28,51439.164,57915.396
"WEE","S1",0.2,2012,59253.31,55887.598,62619.022,59251.62,55886.692,62616.548
"WEE","S1",0.2,2013,52131.59,49043.218,55219.962,52154.71,49065.162,55244.258
"WEE","S1",0.2,2014,47805.56,44930.828,50680.292,47841.15,44964.066,50718.234
"WEE","S1",0.2,2015,42383,39794.428,44971.572,42423.63,39831.726,45015.534
"WEE","S1",0.2,2016,39169.47,36621.078,41717.862,39208.79,36656.282,41761.298
"WEE","S1",0.2,2017,37002.1,34381.384,39622.816,37039.5,34413.884,39665.116
"WEE","S1",0.2,2018,37561.23,34642.986,40479.474,37599.12,34674.996,40523.244
"WEE","S1",0.2,2019,38801.09,35365.406,42236.774,38846.37,35403.238,42289.502
"WEE","S1",0.2,2020,42955.91,38438.698,47473.122,43024.09,38496.49,47551.69
"WEE","S1",0.2,2021,41528.7,36278.644,46778.756,41614.58,36351.784,46877.376
"WEE","S1",0.2,2022,40890.27,34356.61,47423.93,40993.63,34442.722,47544.538
"WEE","S1",0.4,1982,30236.75,27095.654,33377.846,30238.31,27097.214,33379.406
"WEE","S1",0.4,1983,28981.43,26170.202,31792.658,28983.88,26172.456,31795.304
"WEE","S1",0.4,1984,24455.21,21990.118,26920.302,24457.78,21992.296,26923.264
"WEE","S1",0.4,1985,21948.97,19820.998,24076.942,21951.56,19823.196,24079.924
"WEE","S1",0.4,1986,22140.39,19976.942,24303.838,22143.18,19979.34,24307.02
"WEE","S1",0.4,1987,22852.64,20619.22,25086.06,22855.91,20622.098,25089.722
"WEE","S1",0.4,1988,12796.8,11553.572,14040.028,12798.53,11555.0864,14041.9736
"WEE","S1",0.4,1989,7666.053,6956.6114,8375.4946,7667.019,6957.4794,8376.5586
"WEE","S1",0.4,1990,12324.8,11241.6452,13407.9548,12326.65,11243.2992,13410.0008
"WEE","S1",0.4,1991,14146.96,12906.9268,15386.9932,14148.99,12908.7412,15389.2388
"WEE","S1",0.4,1992,13116,11998.4276,14233.5724,13117.68,11999.9312,14235.4288
"WEE","S1",0.4,1993,14622.39,13392.4312,15852.3488,14624.21,13394.0552,15854.3648
"WEE","S1",0.4,1994,15962.36,14810.86,17113.86,15964.21,14812.5532,17115.8668
"WEE","S1",0.4,1995,21083.4,19671.2396,22495.5604,21086,19673.624,22498.376
"WEE","S1",0.4,1996,28964.93,27025.9216,30903.9384,28968.66,27029.2988,30908.0212
"WEE","S1",0.4,1997,35443,32956.936,37929.064,35447.64,32960.988,37934.292
"WEE","S1",0.4,1998,34674.01,32370.618,36977.402,34677.85,32374.066,36981.634
"WEE","S1",0.4,1999,35330.36,32774.912,37885.808,35334.34,32778.5,37890.18
"WEE","S1",0.4,2000,39805.79,37043.758,42567.822,39809.41,37046.986,42571.834
"WEE","S1",0.4,2001,50573.62,47252.596,53894.644,50577.35,47256.13,53898.57
"WEE","S1",0.4,2002,59042.56,55378.732,62706.388,59045.61,55381.39,62709.83
"WEE","S1",0.4,2003,66324.33,62345.334,70303.326,66325.45,62346.062,70304.838
"WEE","S1",0.4,2004,61635.86,58057.684,65214.036,61632.68,58054.308,65211.052
"WEE","S1",0.4,2005,58297.1,55095.048,61499.152,58287.16,55085.5,61488.82
"WEE","S1",0.4,2006,61518.62,58075.88,64961.36,61500.25,58058.294,64942.206
"WEE","S1",0.4,2007,60393.76,57000.02,63787.5,60365.65,56973.086,63758.214
"WEE","S1",0.4,2008,60362.31,57006.594,63718.026,60320.41,56966.458,63674.362
"WEE","S1",0.4,2009,61749.11,58327.146,65171.074,61693.67,58273.666,65113.674
"WEE","S1",0.4,2010,60408.78,57030.524,63787.036,60353.28,56977.376,63729.184
"WEE","S1",0.4,2011,54717.24,51476.968,57957.512,54677.28,51439.164,57915.396
"WEE","S1",0.4,2012,59260.52,55895.004,62626.036,59251.62,55886.692,62616.548
"WEE","S1",0.4,2013,52124.4,49037.204,55211.596,52154.71,49065.162,55244.258
"WEE","S1",0.4,2014,47784.87,44912.686,50657.054,47841.15,44964.066,50718.234
"WEE","S1",0.4,2015,42351.64,39766.792,44936.488,42423.63,39831.726,45015.534
"WEE","S1",0.4,2016,39128.07,36584.97,41671.17,39208.79,36656.282,41761.298
"WEE","S1",0.4,2017,36949.61,34335.754,39563.466,37039.5,34413.884,39665.116
"WEE","S1",0.4,2018,37490.18,34581.344,40399.016,37599.12,34674.996,40523.244
"WEE","S1",0.4,2019,38699.42,35277.064,42121.776,38846.37,35403.238,42289.502
"WEE","S1",0.4,2020,42795.79,38299.158,47292.422,43024.09,38496.49,47551.69
"WEE","S1",0.4,2021,41325.05,36100.866,46549.234,41614.58,36351.784,46877.376
"WEE","S1",0.4,2022,40623.18,34123.036,47123.324,40993.63,34442.722,47544.538
"WEE","S1",0.6,1982,30235.49,27094.59,33376.39,30238.31,27097.214,33379.406
"WEE","S1",0.6,1983,28979.39,26168.358,31790.422,28983.88,26172.456,31795.304
"WEE","S1",0.6,1984,24453.1,21988.204,26917.996,24457.78,21992.296,26923.264
"WEE","S1",0.6,1985,21946.84,19819.064,24074.616,21951.56,19823.196,24079.924
"WEE","S1",0.6,1986,22138.09,19974.838,24301.342,22143.18,19979.34,24307.02
"WEE","S1",0.6,1987,22849.96,20616.932,25082.988,22855.91,20622.098,25089.722
"WEE","S1",0.6,1988,12795.41,11552.378,14038.442,12798.53,11555.0864,14041.9736
"WEE","S1",0.6,1989,7665.305,6955.9222,8374.6878,7667.019,6957.4794,8376.5586
"WEE","S1",0.6,1990,12323.31,11240.312,13406.308,12326.65,11243.2992,13410.0008
"WEE","S1",0.6,1991,14145.31,12905.4728,15385.1472,14148.99,12908.7412,15389.2388
"WEE","S1",0.6,1992,13114.64,11997.2048,14232.0752,13117.68,11999.9312,14235.4288
"WEE","S1",0.6,1993,14620.94,13391.138,15850.742,14624.21,13394.0552,15854.3648
"WEE","S1",0.6,1994,15960.88,14809.5172,17112.2428,15964.21,14812.5532,17115.8668
"WEE","S1",0.6,1995,21081.28,19669.296,22493.264,21086,19673.624,22498.376
"WEE","S1",0.6,1996,28961.81,27023.076,30900.544,28968.66,27029.2988,30908.0212
"WEE","S1",0.6,1997,35439.09,32953.418,37924.762,35447.64,32960.988,37934.292
"WEE","S1",0.6,1998,34670.76,32367.564,36973.956,34677.85,32374.066,36981.634
"WEE","S1",0.6,1999,35326.93,32771.874,37881.986,35334.34,32778.5,37890.18
"WEE","S1",0.6,2000,39802.43,37040.594,42564.266,39809.41,37046.986,42571.834
"WEE","S1",0.6,2001,50569.64,47249.008,53890.272,50577.35,47256.13,53898.57
"WEE","S1",0.6,2002,59038.31,55374.678,62701.942,59045.61,55381.39,62709.83
"WEE","S1",0.6,2003,66320.4,62341.6,70299.2,66325.45,62346.062,70304.838
"WEE","S1",0.6,2004,61633.91,58055.93,65211.89,61632.68,58054.308,65211.052
"WEE","S1",0.6,2005,58298.11,55096.058,61500.162,58287.16,55085.5,61488.82
"WEE","S1",0.6,2006,61522.57,58079.634,64965.506,61500.25,58058.294,64942.206
"WEE","S1",0.6,2007,60400.97,57007.23,63794.71,60365.65,56973.086,63758.214
"WEE","S1",0.6,2008,60373.93,57018.018,63729.842,60320.41,56966.458,63674.362
"WEE","S1",0.6,2009,61765.48,58343.124,65187.836,61693.67,58273.666,65113.674
"WEE","S1",0.6,2010,60427.65,57049.002,63806.298,60353.28,56977.376,63729.184
"WEE","S1",0.6,2011,54733.77,51493.106,57974.434,54677.28,51439.164,57915.396
"WEE","S1",0.6,2012,59268.07,55902.75,62633.39,59251.62,55886.692,62616.548
"WEE","S1",0.6,2013,52116.68,49030.856,55202.504,52154.71,49065.162,55244.258
"WEE","S1",0.6,2014,47762.73,44893.29,50632.17,47841.15,44964.066,50718.234
"WEE","S1",0.6,2015,42318.09,39737.358,44898.822,42423.63,39831.726,45015.534
"WEE","S1",0.6,2016,39083.75,36546.334,41621.166,39208.79,36656.282,41761.298
"WEE","S1",0.6,2017,36893.24,34286.832,39499.648,37039.5,34413.884,39665.116
"WEE","S1",0.6,2018,37413.62,34514.976,40312.264,37599.12,34674.996,40523.244
"WEE","S1",0.6,2019,38589.56,35181.512,41997.608,38846.37,35403.238,42289.502
"WEE","S1",0.6,2020,42622.21,38147.726,47096.694,43024.09,38496.49,47551.69
"WEE","S1",0.6,2021,41103.74,35907.584,46299.896,41614.58,36351.784,46877.376
"WEE","S1",0.6,2022,40332.03,33868.146,46795.914,40993.63,34442.722,47544.538
"WEE","S1",0.8,1982,30234.08,27093.376,33374.784,30238.31,27097.214,33379.406
"WEE","S1",0.8,1983,28977.13,26166.294,31787.966,28983.88,26172.456,31795.304
"WEE","S1",0.8,1984,24450.77,21986.07,26915.47,24457.78,21992.296,26923.264
"WEE","S1",0.8,1985,21944.48,19816.9,24072.06,21951.56,19823.196,24079.924
"WEE","S1",0.8,1986,22135.55,19972.494,24298.606,22143.18,19979.34,24307.02
"WEE","S1",0.8,1987,22846.98,20614.344,25079.616,22855.91,20622.098,25089.722
"WEE","S1",0.8,1988,12793.87,11551.034,14036.706,12798.53,11555.0864,14041.9736
"WEE","S1",0.8,1989,7664.477,6955.1726,8373.7814,7667.019,6957.4794,8376.5586
"WEE","S1",0.8,1990,12321.66,11238.8384,13404.4816,12326.65,11243.2992,13410.0008
"WEE","S1",0.8,1991,14143.48,12903.8388,15383.1212,14148.99,12908.7412,15389.2388
"WEE","S1",0.8,1992,13113.14,11995.8616,14230.4184,13117.68,11999.9312,14235.4288
"WEE","S1",0.8,1993,14619.34,13389.7144,15848.9656,14624.21,13394.0552,15854.3648
"WEE","S1",0.8,1994,15959.25,14808.0244,17110.4756,15964.21,14812.5532,17115.8668
"WEE","S1",0.8,1995,21078.93,19667.142,22490.718,21086,19673.624,22498.376
"WEE","S1",0.8,1996,28958.35,27019.9492,30896.7508,28968.66,27029.2988,30908.0212
"WEE","S1",0.8,1997,35434.75,32949.47,37920.03,35447.64,32960.988,37934.292
"WEE","S1",0.8,1998,34667.15,32364.346,36969.954,34677.85,32374.066,36981.634
"WEE","S1",0.8,1999,35323.11,32768.446,37877.774,35334.34,32778.5,37890.18
"WEE","S1",0.8,2000,39798.68,37037.236,42560.124,39809.41,37046.986,42571.834
"WEE","S1",0.8,2001,50565.18,47244.94,53885.42,50577.35,47256.13,53898.57
"WEE","S1",0.8,2002,59033.55,55370.506,62696.594,59045.61,55381.39,62709.83
"WEE","S1",0.8,2003,66315.94,62337.728,70294.152,66325.45,62346.062,70304.838
"WEE","S1",0.8,2004,61631.58,58053.992,65209.168,61632.68,58054.308,65211.052
"WEE","S1",0.8,2005,58299,55097.144,61500.856,58287.16,55085.5,61488.82
"WEE","S1",0.8,2006,61526.61,58083.674,64969.546,61500.25,58058.294,64942.206
"WEE","S1",0.8,2007,60408.49,57014.554,63802.426,60365.65,56973.086,63758.214
"WEE","S1",0.8,2008,60386.14,57030.032,63742.248,60320.41,56966.458,63674.362
"WEE","S1",0.8,2009,61782.78,58360.032,65205.528,61693.67,58273.666,65113.674
"WEE","S1",0.8,2010,60447.69,57068.454,63826.926,60353.28,56977.376,63729.184
"WEE","S1",0.8,2011,54751.37,51510.118,57992.622,54677.28,51439.164,57915.396
"WEE","S1",0.8,2012,59276.02,55910.7,62641.34,59251.62,55886.692,62616.548
"WEE","S1",0.8,2013,52108.27,49024.014,55192.526,52154.71,49065.162,55244.258
"WEE","S1",0.8,2014,47738.75,44872.25,50605.25,47841.15,44964.066,50718.234
"WEE","S1",0.8,2015,42281.6,39705.376,44857.824,42423.63,39831.726,45015.534
"WEE","S1",0.8,2016,39035.41,36504.266,41566.554,39208.79,36656.282,41761.298
"WEE","S1",0.8,2017,36831.71,34233.534,39429.886,37039.5,34413.884,39665.116
"WEE","S1",0.8,2018,37329.93,34442.458,40217.402,37599.12,34674.996,40523.244
"WEE","S1",0.8,2019,38469.17,35076.998,41861.342,38846.37,35403.238,42289.502
"WEE","S1",0.8,2020,42431.45,37981.27,46881.63,43024.09,38496.49,47551.69
"WEE","S1",0.8,2021,40859.97,35694.39,46025.55,41614.58,36351.784,46877.376
"WEE","S1",0.8,2022,40010.67,33586.574,46434.766,40993.63,34442.722,47544.538
"WEE","S1",1,1982,30232.5,27091.796,33373.204,30238.31,27097.214,33379.406
"WEE","S1",1,1983,28974.58,26164.136,31785.024,28983.88,26172.456,31795.304
"WEE","S1",1,1984,24448.13,21983.822,26912.438,24457.78,21992.296,26923.264
"WEE","S1",1,1985,21941.82,19814.632,24069.008,21951.56,19823.196,24079.924
"WEE","S1",1,1986,22132.68,19970.016,24295.344,22143.18,19979.34,24307.02
"WEE","S1",1,1987,22843.62,20611.376,25075.864,22855.91,20622.098,25089.722
"WEE","S1",1,1988,12792.13,11549.5292,14034.7308,12798.53,11555.0864,14041.9736
"WEE","S1",1,1989,7663.547,6954.3406,8372.7534,7667.019,6957.4794,8376.5586
"WEE","S1",1,1990,12319.8,11237.1744,13402.4256,12326.65,11243.2992,13410.0008
"WEE","S1",1,1991,14141.41,12902.004,15380.816,14148.99,12908.7412,15389.2388
"WEE","S1",1,1992,13111.45,11994.348,14228.552,13117.68,11999.9312,14235.4288
"WEE","S1",1,1993,14617.54,13388.0908,15846.9892,14624.21,13394.0552,15854.3648
"WEE","S1",1,1994,15957.42,14806.3708,17108.4692,15964.21,14812.5532,17115.8668
"WEE","S1",1,1995,21076.28,19664.7076,22487.8524,21086,19673.624,22498.376
"WEE","S1",1,1996,28954.43,27016.382,30892.478,28968.66,27029.2988,30908.0212
"WEE","S1",1,1997,35429.85,32945.158,37914.542,35447.64,32960.988,37934.292
"WEE","S1",1,1998,34663.09,32360.678,36965.502,34677.85,32374.066,36981.634
"WEE","S1",1,1999,35318.81,32764.538,37873.082,35334.34,32778.5,37890.18
"WEE","S1",1,2000,39794.46,37033.212,42555.708,39809.41,37046.986,42571.834
"WEE","S1",1,2001,50560.15,47240.302,53879.998,50577.35,47256.13,53898.57
"WEE","S1",1,2002,59028.14,55365.488,62690.792,59045.61,55381.39,62709.83
"WEE","S1",1,2003,66310.86,62333.04,70288.68,66325.45,62346.062,70304.838
"WEE","S1",1,2004,61628.88,58051.684,65206.076,61632.68,58054.308,65211.052
"WEE","S1",1,2005,58299.86,55098.2,61501.52,58287.16,55085.5,61488.82
"WEE","S1",1,2006,61530.91,58087.974,64973.846,61500.25,58058.294,64942.206
"WEE","S1",1,2007,60416.57,57022.634,63810.506,60365.65,56973.086,63758.214
"WEE","S1",1,2008,60399.29,57042.986,63755.594,60320.41,56966.458,63674.362
"WEE","S1",1,2009,61801.35,58378.21,65224.49,61693.67,58273.666,65113.674
"WEE","S1",1,2010,60469.2,57089.572,63848.828,60353.28,56977.376,63729.184
"WEE","S1",1,2011,54770.3,51528.656,58011.944,54677.28,51439.164,57915.396
"WEE","S1",1,2012,59284.46,55919.532,62649.388,59251.62,55886.692,62616.548
"WEE","S1",1,2013,52098.88,49016.192,55181.568,52154.71,49065.162,55244.258
"WEE","S1",1,2014,47712.18,44849.012,50575.348,47841.15,44964.066,50718.234
"WEE","S1",1,2015,42241.19,39669.866,44812.514,42423.63,39831.726,45015.534
"WEE","S1",1,2016,38981.87,36457.782,41505.958,39208.79,36656.282,41761.298
"WEE","S1",1,2017,36763.41,34174.446,39352.374,37039.5,34413.884,39665.116
"WEE","S1",1,2018,37236.83,34361.706,40111.954,37599.12,34674.996,40523.244
"WEE","S1",1,2019,38334.9,34960.368,41709.432,38846.37,35403.238,42289.502
"WEE","S1",1,2020,42218,37794.868,46641.132,43024.09,38496.49,47551.69
"WEE","S1",1,2021,40586.54,35455.26,45717.82,41614.58,36351.784,46877.376
"WEE","S1",1,2022,39648.98,33269.572,46028.388,40993.63,34442.722,47544.538
"WEE","S2",0.2,1982,30239,27097.708,33380.292,30238.31,27097.214,33379.406
"WEE","S2",0.2,1983,28985.02,26173.4,31796.64,28983.88,26172.456,31795.304
"WEE","S2",0.2,1984,24458.93,21993.446,26924.414,24457.78,21992.296,26923.264
"WEE","S2",0.2,1985,21952.71,19824.346,24081.074,21951.56,19823.196,24079.924
"WEE","S2",0.2,1986,22144.42,19980.384,24308.456,22143.18,19979.34,24307.02
"WEE","S2",0.2,1987,22857.37,20623.362,25091.378,22855.91,20622.098,25089.722
"WEE","S2",0.2,1988,12799.25,11555.7084,14042.7916,12798.53,11555.0864,14041.9736
"WEE","S2",0.2,1989,7667.38,6957.8012,8376.9588,7667.019,6957.4794,8376.5586
"WEE","S2",0.2,1990,12327.43,11244.0008,13410.8592,12326.65,11243.2992,13410.0008
"WEE","S2",0.2,1991,14149.87,12909.5232,15390.2168,14148.99,12908.7412,15389.2388
"WEE","S2",0.2,1992,13118.39,12000.5628,14236.2172,13117.68,11999.9312,14235.4288
"WEE","S2",0.2,1993,14624.95,13394.7168,15855.1832,14624.21,13394.0552,15854.3648
"WEE","S2",0.2,1994,15964.96,14813.2444,17116.6756,15964.21,14812.5532,17115.8668
"WEE","S2",0.2,1995,21087.13,19674.6756,22499.5844,21086,19673.624,22498.376
"WEE","S2",0.2,1996,28970.43,27030.912,30909.948,28968.66,27029.2988,30908.0212
"WEE","S2",0.2,1997,35449.88,32963.032,37936.728,35447.64,32960.988,37934.292
"WEE","S2",0.2,1998,34679.73,32375.75,36983.71,34677.85,32374.066,36981.634
"WEE","S2",0.2,1999,35336.4,32780.364,37892.436,35334.34,32778.5,37890.18
"WEE","S2",0.2,2000,39811.7,37049.08,42574.32,39809.41,37046.986,42571.834
"WEE","S2",0.2,2001,50580.58,47258.968,53902.192,50577.35,47256.13,53898.57
"WEE","S2",0.2,2002,59049.91,55385.298,62714.522,59045.61,55381.39,62709.83
"WEE","S2",0.2,2003,66331.03,62351.25,70310.81,66325.45,62346.062,70304.838
"WEE","S2",0.2,2004,61639,58060.236,65217.764,61632.68,58054.308,65211.052
"WEE","S2",0.2,2005,58294.86,55092.612,61497.108,58287.16,55085.5,61488.82
"WEE","S2",0.2,2006,61510.96,58068.22,64953.7,61500.25,58058.294,64942.206
"WEE","S2",0.2,2007,60380.1,56986.752,63773.448,60365.65,56973.086,63758.214
"WEE","S2",0.2,2008,60340.49,56985.362,63695.618,60320.41,56966.458,63674.362
"WEE","S2",0.2,2009,61718.48,58297.104,65139.856,61693.67,58273.666,65113.674
"WEE","S2",0.2,2010,60373.59,56996.118,63751.062,60353.28,56977.376,63729.184
"WEE","S2",0.2,2011,54686.5,51447.012,57925.988,54677.28,51439.164,57915.396
"WEE","S2",0.2,2012,59246.43,55880.718,62612.142,59251.62,55886.692,62616.548
"WEE","S2",0.2,2013,52138.3,49048.752,55227.848,52154.71,49065.162,55244.258
"WEE","S2",0.2,2014,47824.97,44947.886,50702.054,47841.15,44964.066,50718.234
"WEE","S2",0.2,2015,42412.38,39820.28,45004.48,42423.63,39831.726,45015.534
"WEE","S2",0.2,2016,39208.19,36654.898,41761.482,39208.79,36656.282,41761.298
"WEE","S2",0.2,2017,37051.15,34423.966,39678.334,37039.5,34413.884,39665.116
"WEE","S2",0.2,2018,37627.59,34700.526,40554.654,37599.12,34674.996,40523.244
"WEE","S2",0.2,2019,38895.94,35447.712,42344.168,38846.37,35403.238,42289.502
"WEE","S2",0.2,2020,43104.98,38568.756,47641.204,43024.09,38496.49,47551.69
"WEE","S2",0.2,2021,41717.99,36443.826,46992.154,41614.58,36351.784,46877.376
"WEE","S2",0.2,2022,41137.96,34573.136,47702.784,40993.63,34442.722,47544.538
"WEE","S2",0.4,1982,30239,27097.708,33380.292,30238.31,27097.214,33379.406
"WEE","S2",0.4,1983,28985.02,26173.4,31796.64,28983.88,26172.456,31795.304
"WEE","S2",0.4,1984,24458.93,21993.446,26924.414,24457.78,21992.296,26923.264
"WEE","S2",0.4,1985,21952.71,19824.346,24081.074,21951.56,19823.196,24079.924
"WEE","S2",0.4,1986,22144.42,19980.384,24308.456,22143.18,19979.34,24307.02
"WEE","S2",0.4,1987,22857.37,20623.362,25091.378,22855.91,20622.098,25089.722
"WEE","S2",0.4,1988,12799.25,11555.7084,14042.7916,12798.53,11555.0864,14041.9736
"WEE","S2",0.4,1989,7667.38,6957.8012,8376.9588,7667.019,6957.4794,8376.5586
"WEE","S2",0.4,1990,12327.43,11244.0008,13410.8592,12326.65,11243.2992,13410.0008
"WEE","S2",0.4,1991,14149.87,12909.5232,15390.2168,14148.99,12908.7412,15389.2388
"WEE","S2",0.4,1992,13118.39,12000.5628,14236.2172,13117.68,11999.9312,14235.4288
"WEE","S2",0.4,1993,14624.95,13394.7168,15855.1832,14624.21,13394.0552,15854.3648
"WEE","S2",0.4,1994,15964.96,14813.2444,17116.6756,15964.21,14812.5532,17115.8668
"WEE","S2",0.4,1995,21087.13,19674.6756,22499.5844,21086,19673.624,22498.376
"WEE","S2",0.4,1996,28970.43,27030.912,30909.948,28968.66,27029.2988,30908.0212
"WEE","S2",0.4,1997,35449.88,32963.032,37936.728,35447.64,32960.988,37934.292
"WEE","S2",0.4,1998,34679.73,32375.75,36983.71,34677.85,32374.066,36981.634
"WEE","S2",0.4,1999,35336.4,32780.364,37892.436,35334.34,32778.5,37890.18
"WEE","S2",0.4,2000,39811.7,37049.08,42574.32,39809.41,37046.986,42571.834
"WEE","S2",0.4,2001,50580.58,47258.968,53902.192,50577.35,47256.13,53898.57
"WEE","S2",0.4,2002,59049.91,55385.298,62714.522,59045.61,55381.39,62709.83
"WEE","S2",0.4,2003,66331.03,62351.25,70310.81,66325.45,62346.062,70304.838
"WEE","S2",0.4,2004,61639,58060.236,65217.764,61632.68,58054.308,65211.052
"WEE","S2",0.4,2005,58294.86,55092.612,61497.108,58287.16,55085.5,61488.82
"WEE","S2",0.4,2006,61510.96,58068.22,64953.7,61500.25,58058.294,64942.206
"WEE","S2",0.4,2007,60380.1,56986.752,63773.448,60365.65,56973.086,63758.214
"WEE","S2",0.4,2008,60340.49,56985.362,63695.618,60320.41,56966.458,63674.362
"WEE","S2",0.4,2009,61718.48,58297.104,65139.856,61693.67,58273.666,65113.674
"WEE","S2",0.4,2010,60373.59,56996.118,63751.062,60353.28,56977.376,63729.184
"WEE","S2",0.4,2011,54686.5,51447.012,57925.988,54677.28,51439.164,57915.396
"WEE","S2",0.4,2012,59246.43,55880.718,62612.142,59251.62,55886.692,62616.548
"WEE","S2",0.4,2013,52138.3,49048.752,55227.848,52154.71,49065.162,55244.258
"WEE","S2",0.4,2014,47824.97,44947.886,50702.054,47841.15,44964.066,50718.234
"WEE","S2",0.4,2015,42412.38,39820.28,45004.48,42423.63,39831.726,45015.534
"WEE","S2",0.4,2016,39208.19,36654.898,41761.482,39208.79,36656.282,41761.298
"WEE","S2",0.4,2017,37051.15,34423.966,39678.334,37039.5,34413.884,39665.116
"WEE","S2",0.4,2018,37627.59,34700.526,40554.654,37599.12,34674.996,40523.244
"WEE","S2",0.4,2019,38895.94,35447.712,42344.168,38846.37,35403.238,42289.502
"WEE","S2",0.4,2020,43104.98,38568.756,47641.204,43024.09,38496.49,47551.69
"WEE","S2",0.4,2021,41717.99,36443.826,46992.154,41614.58,36351.784,46877.376
"WEE","S2",0.4,2022,41137.96,34573.136,47702.784,40993.63,34442.722,47544.538
"WEE","S2",0.6,1982,30239,27097.708,33380.292,30238.31,27097.214,33379.406
"WEE","S2",0.6,1983,28985.02,26173.4,31796.64,28983.88,26172.456,31795.304
"WEE","S2",0.6,1984,24458.93,21993.446,26924.414,24457.78,21992.296,26923.264
"WEE","S2",0.6,1985,21952.71,19824.346,24081.074,21951.56,19823.196,24079.924
"WEE","S2",0.6,1986,22144.42,19980.384,24308.456,22143.18,19979.34,24307.02
"WEE","S2",0.6,1987,22857.37,20623.362,25091.378,22855.91,20622.098,25089.722
"WEE","S2",0.6,1988,12799.25,11555.7084,14042.7916,12798.53,11555.0864,14041.9736
"WEE","S2",0.6,1989,7667.38,6957.8012,8376.9588,7667.019,6957.4794,8376.5586
"WEE","S2",0.6,1990,12327.43,11244.0008,13410.8592,12326.65,11243.2992,13410.0008
"WEE","S2",0.6,1991,14149.87,12909.5232,15390.2168,14148.99,12908.7412,15389.2388
"WEE","S2",0.6,1992,13118.39,12000.5628,14236.2172,13117.68,11999.9312,14235.4288
"WEE","S2",0.6,1993,14624.95,13394.7168,15855.1832,14624.21,13394.0552,15854.3648
"WEE","S2",0.6,1994,15964.96,14813.2444,17116.6756,15964.21,14812.5532,17115.8668
"WEE","S2",0.6,1995,21087.13,19674.6756,22499.5844,21086,19673.624,22498.376
"WEE","S2",0.6,1996,28970.43,27030.912,30909.948,28968.66,27029.2988,30908.0212
"WEE","S2",0.6,1997,35449.88,32963.032,37936.728,35447.64,32960.988,37934.292
"WEE","S2",0.6,1998,34679.73,32375.75,36983.71,34677.85,32374.066,36981.634
"WEE","S2",0.6,1999,35336.4,32780.364,37892.436,35334.34,32778.5,37890.18
"WEE","S2",0.6,2000,39811.7,37049.08,42574.32,39809.41,37046.986,42571.834
"WEE","S2",0.6,2001,50580.58,47258.968,53902.192,50577.35,47256.13,53898.57
"WEE","S2",0.6,2002,59049.91,55385.298,62714.522,59045.61,55381.39,62709.83
"WEE","S2",0.6,2003,66331.03,62351.25,70310.81,66325.45,62346.062,70304.838
"WEE","S2",0.6,2004,61639,58060.236,65217.764,61632.68,58054.308,65211.052
"WEE","S2",0.6,2005,58294.86,55092.612,61497.108,58287.16,55085.5,61488.82
"WEE","S2",0.6,2006,61510.96,58068.22,64953.7,61500.25,58058.294,64942.206
"WEE","S2",0.6,2007,60380.1,56986.752,63773.448,60365.65,56973.086,63758.214
"WEE","S2",0.6,2008,60340.49,56985.362,63695.618,60320.41,56966.458,63674.362
"WEE","S2",0.6,2009,61718.48,58297.104,65139.856,61693.67,58273.666,65113.674
"WEE","S2",0.6,2010,60373.59,56996.118,63751.062,60353.28,56977.376,63729.184
"WEE","S2",0.6,2011,54686.5,51447.012,57925.988,54677.28,51439.164,57915.396
"WEE","S2",0.6,2012,59246.43,55880.718,62612.142,59251.62,55886.692,62616.548
"WEE","S2",0.6,2013,52138.3,49048.752,55227.848,52154.71,49065.162,55244.258
"WEE","S2",0.6,2014,47824.97,44947.886,50702.054,47841.15,44964.066,50718.234
"WEE","S2",0.6,2015,42412.38,39820.28,45004.48,42423.63,39831.726,45015.534
"WEE","S2",0.6,2016,39208.19,36654.898,41761.482,39208.79,36656.282,41761.298
"WEE","S2",0.6,2017,37051.15,34423.966,39678.334,37039.5,34413.884,39665.116
"WEE","S2",0.6,2018,37627.59,34700.526,40554.654,37599.12,34674.996,40523.244
"WEE","S2",0.6,2019,38895.94,35447.712,42344.168,38846.37,35403.238,42289.502
"WEE","S2",0.6,2020,43104.98,38568.756,47641.204,43024.09,38496.49,47551.69
"WEE","S2",0.6,2021,41717.99,36443.826,46992.154,41614.58,36351.784,46877.376
"WEE","S2",0.6,2022,41137.96,34573.136,47702.784,40993.63,34442.722,47544.538
"WEE","S2",0.8,1982,30239,27097.708,33380.292,30238.31,27097.214,33379.406
"WEE","S2",0.8,1983,28985.02,26173.4,31796.64,28983.88,26172.456,31795.304
"WEE","S2",0.8,1984,24458.93,21993.446,26924.414,24457.78,21992.296,26923.264
"WEE","S2",0.8,1985,21952.71,19824.346,24081.074,21951.56,19823.196,24079.924
"WEE","S2",0.8,1986,22144.42,19980.384,24308.456,22143.18,19979.34,24307.02
"WEE","S2",0.8,1987,22857.37,20623.362,25091.378,22855.91,20622.098,25089.722
"WEE","S2",0.8,1988,12799.25,11555.7084,14042.7916,12798.53,11555.0864,14041.9736
"WEE","S2",0.8,1989,7667.38,6957.8012,8376.9588,7667.019,6957.4794,8376.5586
"WEE","S2",0.8,1990,12327.43,11244.0008,13410.8592,12326.65,11243.2992,13410.0008
"WEE","S2",0.8,1991,14149.87,12909.5232,15390.2168,14148.99,12908.7412,15389.2388
"WEE","S2",0.8,1992,13118.39,12000.5628,14236.2172,13117.68,11999.9312,14235.4288
"WEE","S2",0.8,1993,14624.95,13394.7168,15855.1832,14624.21,13394.0552,15854.3648
"WEE","S2",0.8,1994,15964.96,14813.2444,17116.6756,15964.21,14812.5532,17115.8668
"WEE","S2",0.8,1995,21087.13,19674.6756,22499.5844,21086,19673.624,22498.376
"WEE","S2",0.8,1996,28970.43,27030.912,30909.948,28968.66,27029.2988,30908.0212
"WEE","S2",0.8,1997,35449.88,32963.032,37936.728,35447.64,32960.988,37934.292
"WEE","S2",0.8,1998,34679.73,32375.75,36983.71,34677.85,32374.066,36981.634
"WEE","S2",0.8,1999,35336.4,32780.364,37892.436,35334.34,32778.5,37890.18
"WEE","S2",0.8,2000,39811.7,37049.08,42574.32,39809.41,37046.986,42571.834
"WEE","S2",0.8,2001,50580.58,47258.968,53902.192,50577.35,47256.13,53898.57
"WEE","S2",0.8,2002,59049.91,55385.298,62714.522,59045.61,55381.39,62709.83
"WEE","S2",0.8,2003,66331.03,62351.25,70310.81,66325.45,62346.062,70304.838
"WEE","S2",0.8,2004,61639,58060.236,65217.764,61632.68,58054.308,65211.052
"WEE","S2",0.8,2005,58294.86,55092.612,61497.108,58287.16,55085.5,61488.82
"WEE","S2",0.8,2006,61510.96,58068.22,64953.7,61500.25,58058.294,64942.206
"WEE","S2",0.8,2007,60380.1,56986.752,63773.448,60365.65,56973.086,63758.214
"WEE","S2",0.8,2008,60340.49,56985.362,63695.618,60320.41,56966.458,63674.362
"WEE","S2",0.8,2009,61718.48,58297.104,65139.856,61693.67,58273.666,65113.674
"WEE","S2",0.8,2010,60373.59,56996.118,63751.062,60353.28,56977.376,63729.184
"WEE","S2",0.8,2011,54686.5,51447.012,57925.988,54677.28,51439.164,57915.396
"WEE","S2",0.8,2012,59246.43,55880.718,62612.142,59251.62,55886.692,62616.548
"WEE","S2",0.8,2013,52138.3,49048.752,55227.848,52154.71,49065.162,55244.258
"WEE","S2",0.8,2014,47824.97,44947.886,50702.054,47841.15,44964.066,50718.234
"WEE","S2",0.8,2015,42412.38,39820.28,45004.48,42423.63,39831.726,45015.534
"WEE","S2",0.8,2016,39208.19,36654.898,41761.482,39208.79,36656.282,41761.298
"WEE","S2",0.8,2017,37051.15,34423.966,39678.334,37039.5,34413.884,39665.116
"WEE","S2",0.8,2018,37627.59,34700.526,40554.654,37599.12,34674.996,40523.244
"WEE","S2",0.8,2019,38895.94,35447.712,42344.168,38846.37,35403.238,42289.502
"WEE","S2",0.8,2020,43104.98,38568.756,47641.204,43024.09,38496.49,47551.69
"WEE","S2",0.8,2021,41717.99,36443.826,46992.154,41614.58,36351.784,46877.376
"WEE","S2",0.8,2022,41137.96,34573.136,47702.784,40993.63,34442.722,47544.538
"WEE","S2",1,1982,30239,27097.708,33380.292,30238.31,27097.214,33379.406
"WEE","S2",1,1983,28985.02,26173.4,31796.64,28983.88,26172.456,31795.304
"WEE","S2",1,1984,24458.93,21993.446,26924.414,24457.78,21992.296,26923.264
"WEE","S2",1,1985,21952.71,19824.346,24081.074,21951.56,19823.196,24079.924
"WEE","S2",1,1986,22144.42,19980.384,24308.456,22143.18,19979.34,24307.02
"WEE","S2",1,1987,22857.37,20623.362,25091.378,22855.91,20622.098,25089.722
"WEE","S2",1,1988,12799.25,11555.7084,14042.7916,12798.53,11555.0864,14041.9736
"WEE","S2",1,1989,7667.38,6957.8012,8376.9588,7667.019,6957.4794,8376.5586
"WEE","S2",1,1990,12327.43,11244.0008,13410.8592,12326.65,11243.2992,13410.0008
"WEE","S2",1,1991,14149.87,12909.5232,15390.2168,14148.99,12908.7412,15389.2388
"WEE","S2",1,1992,13118.39,12000.5628,14236.2172,13117.68,11999.9312,14235.4288
"WEE","S2",1,1993,14624.95,13394.7168,15855.1832,14624.21,13394.0552,15854.3648
"WEE","S2",1,1994,15964.96,14813.2444,17116.6756,15964.21,14812.5532,17115.8668
"WEE","S2",1,1995,21087.13,19674.6756,22499.5844,21086,19673.624,22498.376
"WEE","S2",1,1996,28970.43,27030.912,30909.948,28968.66,27029.2988,30908.0212
"WEE","S2",1,1997,35449.88,32963.032,37936.728,35447.64,32960.988,37934.292
"WEE","S2",1,1998,34679.73,32375.75,36983.71,34677.85,32374.066,36981.634
"WEE","S2",1,1999,35336.4,32780.364,37892.436,35334.34,32778.5,37890.18
"WEE","S2",1,2000,39811.7,37049.08,42574.32,39809.41,37046.986,42571.834
"WEE","S2",1,2001,50580.58,47258.968,53902.192,50577.35,47256.13,53898.57
"WEE","S2",1,2002,59049.91,55385.298,62714.522,59045.61,55381.39,62709.83
"WEE","S2",1,2003,66331.03,62351.25,70310.81,66325.45,62346.062,70304.838
"WEE","S2",1,2004,61639,58060.236,65217.764,61632.68,58054.308,65211.052
"WEE","S2",1,2005,58294.86,55092.612,61497.108,58287.16,55085.5,61488.82
"WEE","S2",1,2006,61510.96,58068.22,64953.7,61500.25,58058.294,64942.206
"WEE","S2",1,2007,60380.1,56986.752,63773.448,60365.65,56973.086,63758.214
"WEE","S2",1,2008,60340.49,56985.362,63695.618,60320.41,56966.458,63674.362
"WEE","S2",1,2009,61718.48,58297.104,65139.856,61693.67,58273.666,65113.674
"WEE","S2",1,2010,60373.59,56996.118,63751.062,60353.28,56977.376,63729.184
"WEE","S2",1,2011,54686.5,51447.012,57925.988,54677.28,51439.164,57915.396
"WEE","S2",1,2012,59246.43,55880.718,62612.142,59251.62,55886.692,62616.548
"WEE","S2",1,2013,52138.3,49048.752,55227.848,52154.71,49065.162,55244.258
"WEE","S2",1,2014,47824.97,44947.886,50702.054,47841.15,44964.066,50718.234
"WEE","S2",1,2015,42412.38,39820.28,45004.48,42423.63,39831.726,45015.534
"WEE","S2",1,2016,39208.19,36654.898,41761.482,39208.79,36656.282,41761.298
"WEE","S2",1,2017,37051.15,34423.966,39678.334,37039.5,34413.884,39665.116
"WEE","S2",1,2018,37627.59,34700.526,40554.654,37599.12,34674.996,40523.244
"WEE","S2",1,2019,38895.94,35447.712,42344.168,38846.37,35403.238,42289.502
"WEE","S2",1,2020,43104.98,38568.756,47641.204,43024.09,38496.49,47551.69
"WEE","S2",1,2021,41717.99,36443.826,46992.154,41614.58,36351.784,46877.376
"WEE","S2",1,2022,41137.96,34573.136,47702.784,40993.63,34442.722,47544.538
