"Dataset","Scenario","q","Season","Year","Residual"
"FULL","S1",0.2,"SPRING",2009,0.006270527
"FULL","S1",0.2,"SPRING",2010,-0.6743943
"FULL","S1",0.2,"SPRING",2011,-0.07672365
"FULL","S1",0.2,"SPRING",2012,-0.4796412
"FULL","S1",0.2,"SPRING",2013,0.3478909
"FULL","S1",0.2,"SPRING",2014,-2.250559
"FULL","S1",0.2,"SPRING",2015,2.478739
"FULL","S1",0.2,"SPRING",2016,-1.767428
"FULL","S1",0.2,"SPRING",2017,-0.9570332
"FULL","S1",0.2,"SPRING",2018,0.9992189
"FULL","S1",0.2,"SPRING",2019,1.202057
"FULL","S1",0.2,"SPRING",2021,0.4434957
"FULL","S1",0.2,"SPRING",2022,0.7281068
"FULL","S1",0.2,"FALL",2009,-0.3088652
"FULL","S1",0.2,"FALL",2010,-1.97013
"FULL","S1",0.2,"FALL",2011,-0.3759102
"FULL","S1",0.2,"FALL",2012,0.5451056
"FULL","S1",0.2,"FALL",2013,-0.9489316
"FULL","S1",0.2,"FALL",2014,0.49853
"FULL","S1",0.2,"FALL",2015,-0.01505688
"FULL","S1",0.2,"FALL",2016,1.816689
"FULL","S1",0.2,"FALL",2018,3.181286
"FULL","S1",0.2,"FALL",2019,-0.7283383
"FULL","S1",0.2,"FALL",2021,-0.9051182
"FULL","S1",0.2,"FALL",2022,-0.7892609
"WEE","S1",0.2,"SPRING",2009,0.07003124
"WEE","S1",0.2,"SPRING",2010,-0.5202581
"WEE","S1",0.2,"SPRING",2011,-0.2036459
"WEE","S1",0.2,"SPRING",2012,-0.4567307
"WEE","S1",0.2,"SPRING",2013,0.3104512
"WEE","S1",0.2,"SPRING",2014,-2.450904
"WEE","S1",0.2,"SPRING",2015,2.492799
"WEE","S1",0.2,"SPRING",2016,-1.650364
"WEE","S1",0.2,"SPRING",2017,-0.9866893
"WEE","S1",0.2,"SPRING",2018,1.155964
"WEE","S1",0.2,"SPRING",2019,1.065421
"WEE","S1",0.2,"SPRING",2021,0.4407869
"WEE","S1",0.2,"SPRING",2022,0.7331398
"WEE","S1",0.2,"FALL",2009,0.1079366
"WEE","S1",0.2,"FALL",2010,-1.611246
"WEE","S1",0.2,"FALL",2011,-0.3967662
"WEE","S1",0.2,"FALL",2012,0.7313021
"WEE","S1",0.2,"FALL",2013,-1.355452
"WEE","S1",0.2,"FALL",2014,0.7614711
"WEE","S1",0.2,"FALL",2015,-0.8618833
"WEE","S1",0.2,"FALL",2016,1.712856
"WEE","S1",0.2,"FALL",2018,3.619497
"WEE","S1",0.2,"FALL",2019,-0.6978635
"WEE","S1",0.2,"FALL",2021,-1.73913
"WEE","S1",0.2,"FALL",2022,-0.2707216
"FULL","S2",0.2,"SPRING",2009,-0.01781551
"FULL","S2",0.2,"SPRING",2010,-0.6983617
"FULL","S2",0.2,"SPRING",2011,-0.1009717
"FULL","S2",0.2,"SPRING",2012,-0.5043332
"FULL","S2",0.2,"SPRING",2013,0.351898
"FULL","S2",0.2,"SPRING",2014,-2.243414
"FULL","S2",0.2,"SPRING",2015,2.467151
"FULL","S2",0.2,"SPRING",2016,-1.763711
"FULL","S2",0.2,"SPRING",2017,-0.9447272
"FULL","S2",0.2,"SPRING",2018,0.9774781
"FULL","S2",0.2,"SPRING",2019,1.226069
"FULL","S2",0.2,"SPRING",2021,0.5037223
"FULL","S2",0.2,"SPRING",2022,0.7470138
"FULL","S2",0.2,"FALL",2009,-0.3620024
"FULL","S2",0.2,"FALL",2010,-2.023364
"FULL","S2",0.2,"FALL",2011,-0.4293415
"FULL","S2",0.2,"FALL",2012,0.4913641
"FULL","S2",0.2,"FALL",2013,-0.9200586
"FULL","S2",0.2,"FALL",2014,0.5184426
"FULL","S2",0.2,"FALL",2015,0.02817777
"FULL","S2",0.2,"FALL",2016,1.793809
"FULL","S2",0.2,"FALL",2018,3.147568
"FULL","S2",0.2,"FALL",2019,-0.7187716
"FULL","S2",0.2,"FALL",2021,-0.8600261
"FULL","S2",0.2,"FALL",2022,-0.6657955
"WEE","S2",0.2,"SPRING",2009,0.04407504
"WEE","S2",0.2,"SPRING",2010,-0.5460206
"WEE","S2",0.2,"SPRING",2011,-0.2298135
"WEE","S2",0.2,"SPRING",2012,-0.4834969
"WEE","S2",0.2,"SPRING",2013,0.3142969
"WEE","S2",0.2,"SPRING",2014,-2.443834
"WEE","S2",0.2,"SPRING",2015,2.478668
"WEE","S2",0.2,"SPRING",2016,-1.647987
"WEE","S2",0.2,"SPRING",2017,-0.973969
"WEE","S2",0.2,"SPRING",2018,1.130322
"WEE","S2",0.2,"SPRING",2019,1.091386
"WEE","S2",0.2,"SPRING",2021,0.5156505
"WEE","S2",0.2,"SPRING",2022,0.7507221
"WEE","S2",0.2,"FALL",2009,0.01836113
"WEE","S2",0.2,"FALL",2010,-1.700998
"WEE","S2",0.2,"FALL",2011,-0.4868369
"WEE","S2",0.2,"FALL",2012,0.6407786
"WEE","S2",0.2,"FALL",2013,-1.282375
"WEE","S2",0.2,"FALL",2014,0.7648224
"WEE","S2",0.2,"FALL",2015,-0.7524415
"WEE","S2",0.2,"FALL",2016,1.66273
"WEE","S2",0.2,"FALL",2018,3.550265
"WEE","S2",0.2,"FALL",2019,-0.7074717
"WEE","S2",0.2,"FALL",2021,-1.59339
"WEE","S2",0.2,"FALL",2022,-0.1134432
"FULL","S1",0.4,"SPRING",2009,-0.00265178
"FULL","S1",0.4,"SPRING",2010,-0.6832445
"FULL","S1",0.4,"SPRING",2011,-0.08565157
"FULL","S1",0.4,"SPRING",2012,-0.488756
"FULL","S1",0.4,"SPRING",2013,0.3559322
"FULL","S1",0.4,"SPRING",2014,-2.245148
"FULL","S1",0.4,"SPRING",2015,2.47221
"FULL","S1",0.4,"SPRING",2016,-1.770353
"FULL","S1",0.4,"SPRING",2017,-0.9471322
"FULL","S1",0.4,"SPRING",2018,0.9920873
"FULL","S1",0.4,"SPRING",2019,1.209024
"FULL","S1",0.4,"SPRING",2021,0.4602224
"FULL","S1",0.4,"SPRING",2022,0.7334606
"FULL","S1",0.4,"FALL",2009,-0.3465608
"FULL","S1",0.4,"FALL",2010,-2.007831
"FULL","S1",0.4,"FALL",2011,-0.413754
"FULL","S1",0.4,"FALL",2012,0.5070409
"FULL","S1",0.4,"FALL",2013,-0.8578317
"FULL","S1",0.4,"FALL",2014,0.4793262
"FULL","S1",0.4,"FALL",2015,0.06897699
"FULL","S1",0.4,"FALL",2016,1.848059
"FULL","S1",0.4,"FALL",2018,3.162623
"FULL","S1",0.4,"FALL",2019,-0.739052
"FULL","S1",0.4,"FALL",2021,-0.8063817
"FULL","S1",0.4,"FALL",2022,-0.8946155
"WEE","S1",0.4,"SPRING",2009,0.09606054
"WEE","S1",0.4,"SPRING",2010,-0.4944237
"WEE","S1",0.4,"SPRING",2011,-0.1773865
"WEE","S1",0.4,"SPRING",2012,-0.4298156
"WEE","S1",0.4,"SPRING",2013,0.3066089
"WEE","S1",0.4,"SPRING",2014,-2.458041
"WEE","S1",0.4,"SPRING",2015,2.507142
"WEE","S1",0.4,"SPRING",2016,-1.652466
"WEE","S1",0.4,"SPRING",2017,-0.9994294
"WEE","S1",0.4,"SPRING",2018,1.182197
"WEE","S1",0.4,"SPRING",2019,1.039295
"WEE","S1",0.4,"SPRING",2021,0.3638191
"WEE","S1",0.4,"SPRING",2022,0.7164398
"WEE","S1",0.4,"FALL",2009,0.2047964
"WEE","S1",0.4,"FALL",2010,-1.514216
"WEE","S1",0.4,"FALL",2011,-0.2993986
"WEE","S1",0.4,"FALL",2012,0.8291517
"WEE","S1",0.4,"FALL",2013,-1.432249
"WEE","S1",0.4,"FALL",2014,0.7618815
"WEE","S1",0.4,"FALL",2015,-0.9807705
"WEE","S1",0.4,"FALL",2016,1.76978
"WEE","S1",0.4,"FALL",2018,3.696179
"WEE","S1",0.4,"FALL",2019,-0.6834612
"WEE","S1",0.4,"FALL",2021,-1.902849
"WEE","S1",0.4,"FALL",2022,-0.4488437
"FULL","S2",0.4,"SPRING",2009,-0.05038381
"FULL","S2",0.4,"SPRING",2010,-0.7307526
"FULL","S2",0.4,"SPRING",2011,-0.1337041
"FULL","S2",0.4,"SPRING",2012,-0.5376444
"FULL","S2",0.4,"SPRING",2013,0.3639495
"FULL","S2",0.4,"SPRING",2014,-2.230666
"FULL","S2",0.4,"SPRING",2015,2.449453
"FULL","S2",0.4,"SPRING",2016,-1.762685
"FULL","S2",0.4,"SPRING",2017,-0.9226969
"FULL","S2",0.4,"SPRING",2018,0.9492422
"FULL","S2",0.4,"SPRING",2019,1.256615
"FULL","S2",0.4,"SPRING",2021,0.5782005
"FULL","S2",0.4,"SPRING",2022,0.7710745
"FULL","S2",0.4,"FALL",2009,-0.4487802
"FULL","S2",0.4,"FALL",2010,-2.110258
"FULL","S2",0.4,"FALL",2011,-0.516565
"FULL","S2",0.4,"FALL",2012,0.4036185
"FULL","S2",0.4,"FALL",2013,-0.8062992
"FULL","S2",0.4,"FALL",2014,0.5201035
"FULL","S2",0.4,"FALL",2015,0.1473423
"FULL","S2",0.4,"FALL",2016,1.804313
"FULL","S2",0.4,"FALL",2018,3.098831
"FULL","S2",0.4,"FALL",2019,-0.7187434
"FULL","S2",0.4,"FALL",2021,-0.7265673
"FULL","S2",0.4,"FALL",2022,-0.6469949
"WEE","S2",0.4,"SPRING",2009,0.04407504
"WEE","S2",0.4,"SPRING",2010,-0.5460206
"WEE","S2",0.4,"SPRING",2011,-0.2298135
"WEE","S2",0.4,"SPRING",2012,-0.4834969
"WEE","S2",0.4,"SPRING",2013,0.3142969
"WEE","S2",0.4,"SPRING",2014,-2.443834
"WEE","S2",0.4,"SPRING",2015,2.478668
"WEE","S2",0.4,"SPRING",2016,-1.647987
"WEE","S2",0.4,"SPRING",2017,-0.973969
"WEE","S2",0.4,"SPRING",2018,1.130322
"WEE","S2",0.4,"SPRING",2019,1.091386
"WEE","S2",0.4,"SPRING",2021,0.5156505
"WEE","S2",0.4,"SPRING",2022,0.7507221
"WEE","S2",0.4,"FALL",2009,0.01836113
"WEE","S2",0.4,"FALL",2010,-1.700998
"WEE","S2",0.4,"FALL",2011,-0.4868369
"WEE","S2",0.4,"FALL",2012,0.6407786
"WEE","S2",0.4,"FALL",2013,-1.282375
"WEE","S2",0.4,"FALL",2014,0.7648224
"WEE","S2",0.4,"FALL",2015,-0.7524415
"WEE","S2",0.4,"FALL",2016,1.66273
"WEE","S2",0.4,"FALL",2018,3.550265
"WEE","S2",0.4,"FALL",2019,-0.7074717
"WEE","S2",0.4,"FALL",2021,-1.59339
"WEE","S2",0.4,"FALL",2022,-0.1134432
"FULL","S1",0.6,"SPRING",2009,-0.01158533
"FULL","S1",0.6,"SPRING",2010,-0.6921089
"FULL","S1",0.6,"SPRING",2011,-0.09461027
"FULL","S1",0.6,"SPRING",2012,-0.4978793
"FULL","S1",0.6,"SPRING",2013,0.3638353
"FULL","S1",0.6,"SPRING",2014,-2.239608
"FULL","S1",0.6,"SPRING",2015,2.465703
"FULL","S1",0.6,"SPRING",2016,-1.773256
"FULL","S1",0.6,"SPRING",2017,-0.9372851
"FULL","S1",0.6,"SPRING",2018,0.9849514
"FULL","S1",0.6,"SPRING",2019,1.216065
"FULL","S1",0.6,"SPRING",2021,0.4768323
"FULL","S1",0.6,"SPRING",2022,0.7389452
"FULL","S1",0.6,"FALL",2009,-0.3823716
"FULL","S1",0.6,"FALL",2010,-2.04365
"FULL","S1",0.6,"FALL",2011,-0.4497028
"FULL","S1",0.6,"FALL",2012,0.4708663
"FULL","S1",0.6,"FALL",2013,-0.7709783
"FULL","S1",0.6,"FALL",2014,0.4619228
"FULL","S1",0.6,"FALL",2015,0.1493782
"FULL","S1",0.6,"FALL",2016,1.879471
"FULL","S1",0.6,"FALL",2018,3.145753
"FULL","S1",0.6,"FALL",2019,-0.7481893
"FULL","S1",0.6,"FALL",2021,-0.7126331
"FULL","S1",0.6,"FALL",2022,-0.9998672
"WEE","S1",0.6,"SPRING",2009,0.1221596
"WEE","S1",0.6,"SPRING",2010,-0.4685426
"WEE","S1",0.6,"SPRING",2011,-0.1510617
"WEE","S1",0.6,"SPRING",2012,-0.4028056
"WEE","S1",0.6,"SPRING",2013,0.3025972
"WEE","S1",0.6,"SPRING",2014,-2.465265
"WEE","S1",0.6,"SPRING",2015,2.52178
"WEE","S1",0.6,"SPRING",2016,-1.654574
"WEE","S1",0.6,"SPRING",2017,-1.012281
"WEE","S1",0.6,"SPRING",2018,1.209118
"WEE","S1",0.6,"SPRING",2019,1.013113
"WEE","S1",0.6,"SPRING",2021,0.28481
"WEE","S1",0.6,"SPRING",2022,0.7009533
"WEE","S1",0.6,"FALL",2009,0.310479
"WEE","S1",0.6,"FALL",2010,-1.408348
"WEE","S1",0.6,"FALL",2011,-0.1931802
"WEE","S1",0.6,"FALL",2012,0.9358691
"WEE","S1",0.6,"FALL",2013,-1.512714
"WEE","S1",0.6,"FALL",2014,0.7673165
"WEE","S1",0.6,"FALL",2015,-1.11084
"WEE","S1",0.6,"FALL",2016,1.834996
"WEE","S1",0.6,"FALL",2018,3.78193
"WEE","S1",0.6,"FALL",2019,-0.6629277
"WEE","S1",0.6,"FALL",2021,-2.088967
"WEE","S1",0.6,"FALL",2022,-0.6536134
"FULL","S2",0.6,"SPRING",2009,-0.08247922
"FULL","S2",0.6,"SPRING",2010,-0.7626758
"FULL","S2",0.6,"SPRING",2011,-0.1659682
"FULL","S2",0.6,"SPRING",2012,-0.570492
"FULL","S2",0.6,"SPRING",2013,0.3759683
"FULL","S2",0.6,"SPRING",2014,-2.217924
"FULL","S2",0.6,"SPRING",2015,2.432321
"FULL","S2",0.6,"SPRING",2016,-1.761373
"FULL","S2",0.6,"SPRING",2017,-0.9008903
"FULL","S2",0.6,"SPRING",2018,0.9216163
"FULL","S2",0.6,"SPRING",2019,1.286715
"FULL","S2",0.6,"SPRING",2021,0.6501473
"FULL","S2",0.6,"SPRING",2022,0.7950322
"FULL","S2",0.6,"FALL",2009,-0.5303206
"FULL","S2",0.6,"FALL",2010,-2.1919
"FULL","S2",0.6,"FALL",2011,-0.5985121
"FULL","S2",0.6,"FALL",2012,0.3211664
"FULL","S2",0.6,"FALL",2013,-0.7018446
"FULL","S2",0.6,"FALL",2014,0.5240351
"FULL","S2",0.6,"FALL",2015,0.2563158
"FULL","S2",0.6,"FALL",2016,1.816397
"FULL","S2",0.6,"FALL",2018,3.054842
"FULL","S2",0.6,"FALL",2019,-0.716521
"FULL","S2",0.6,"FALL",2021,-0.6060995
"FULL","S2",0.6,"FALL",2022,-0.627561
"WEE","S2",0.6,"SPRING",2009,0.04407504
"WEE","S2",0.6,"SPRING",2010,-0.5460206
"WEE","S2",0.6,"SPRING",2011,-0.2298135
"WEE","S2",0.6,"SPRING",2012,-0.4834969
"WEE","S2",0.6,"SPRING",2013,0.3142969
"WEE","S2",0.6,"SPRING",2014,-2.443834
"WEE","S2",0.6,"SPRING",2015,2.478668
"WEE","S2",0.6,"SPRING",2016,-1.647987
"WEE","S2",0.6,"SPRING",2017,-0.973969
"WEE","S2",0.6,"SPRING",2018,1.130322
"WEE","S2",0.6,"SPRING",2019,1.091386
"WEE","S2",0.6,"SPRING",2021,0.5156505
"WEE","S2",0.6,"SPRING",2022,0.7507221
"WEE","S2",0.6,"FALL",2009,0.01836113
"WEE","S2",0.6,"FALL",2010,-1.700998
"WEE","S2",0.6,"FALL",2011,-0.4868369
"WEE","S2",0.6,"FALL",2012,0.6407786
"WEE","S2",0.6,"FALL",2013,-1.282375
"WEE","S2",0.6,"FALL",2014,0.7648224
"WEE","S2",0.6,"FALL",2015,-0.7524415
"WEE","S2",0.6,"FALL",2016,1.66273
"WEE","S2",0.6,"FALL",2018,3.550265
"WEE","S2",0.6,"FALL",2019,-0.7074717
"WEE","S2",0.6,"FALL",2021,-1.59339
"WEE","S2",0.6,"FALL",2022,-0.1134432
"FULL","S1",0.8,"SPRING",2009,-0.0205165
"FULL","S1",0.8,"SPRING",2010,-0.7009732
"FULL","S1",0.8,"SPRING",2011,-0.1035449
"FULL","S1",0.8,"SPRING",2012,-0.5069782
"FULL","S1",0.8,"SPRING",2013,0.3716927
"FULL","S1",0.8,"SPRING",2014,-2.234252
"FULL","S1",0.8,"SPRING",2015,2.459232
"FULL","S1",0.8,"SPRING",2016,-1.776127
"FULL","S1",0.8,"SPRING",2017,-0.9274896
"FULL","S1",0.8,"SPRING",2018,0.9778639
"FULL","S1",0.8,"SPRING",2019,1.22303
"FULL","S1",0.8,"SPRING",2021,0.4934624
"FULL","S1",0.8,"SPRING",2022,0.7446016
"FULL","S1",0.8,"FALL",2009,-0.4164996
"FULL","S1",0.8,"FALL",2010,-2.077769
"FULL","S1",0.8,"FALL",2011,-0.4839484
"FULL","S1",0.8,"FALL",2012,0.4364098
"FULL","S1",0.8,"FALL",2013,-0.6879921
"FULL","S1",0.8,"FALL",2014,0.446064
"FULL","S1",0.8,"FALL",2015,0.2265469
"FULL","S1",0.8,"FALL",2016,1.910915
"FULL","S1",0.8,"FALL",2018,3.130462
"FULL","S1",0.8,"FALL",2019,-0.7557863
"FULL","S1",0.8,"FALL",2021,-0.6232768
"FULL","S1",0.8,"FALL",2022,-1.105125
"WEE","S1",0.8,"SPRING",2009,0.1481599
"WEE","S1",0.8,"SPRING",2010,-0.4427897
"WEE","S1",0.8,"SPRING",2011,-0.1247997
"WEE","S1",0.8,"SPRING",2012,-0.3757669
"WEE","S1",0.8,"SPRING",2013,0.2984204
"WEE","S1",0.8,"SPRING",2014,-2.472655
"WEE","S1",0.8,"SPRING",2015,2.536564
"WEE","S1",0.8,"SPRING",2016,-1.656564
"WEE","S1",0.8,"SPRING",2017,-1.025003
"WEE","S1",0.8,"SPRING",2018,1.236752
"WEE","S1",0.8,"SPRING",2019,0.9868552
"WEE","S1",0.8,"SPRING",2021,0.2038583
"WEE","S1",0.8,"SPRING",2022,0.68697
"WEE","S1",0.8,"FALL",2009,0.427008
"WEE","S1",0.8,"FALL",2010,-1.291602
"WEE","S1",0.8,"FALL",2011,-0.07604316
"WEE","S1",0.8,"FALL",2012,1.053538
"WEE","S1",0.8,"FALL",2013,-1.597005
"WEE","S1",0.8,"FALL",2014,0.7796472
"WEE","S1",0.8,"FALL",2015,-1.254047
"WEE","S1",0.8,"FALL",2016,1.910697
"WEE","S1",0.8,"FALL",2018,3.878922
"WEE","S1",0.8,"FALL",2019,-0.6340659
"WEE","S1",0.8,"FALL",2021,-2.303905
"WEE","S1",0.8,"FALL",2022,-0.8931438
"FULL","S2",0.8,"SPRING",2009,-0.1141536
"FULL","S2",0.8,"SPRING",2010,-0.7941936
"FULL","S2",0.8,"SPRING",2011,-0.1977932
"FULL","S2",0.8,"SPRING",2012,-0.6028555
"FULL","S2",0.8,"SPRING",2013,0.3879975
"FULL","S2",0.8,"SPRING",2014,-2.205175
"FULL","S2",0.8,"SPRING",2015,2.415674
"FULL","S2",0.8,"SPRING",2016,-1.759796
"FULL","S2",0.8,"SPRING",2017,-0.8792929
"FULL","S2",0.8,"SPRING",2018,0.8946217
"FULL","S2",0.8,"SPRING",2019,1.316338
"FULL","S2",0.8,"SPRING",2021,0.7198299
"FULL","S2",0.8,"SPRING",2022,0.818799
"FULL","S2",0.8,"FALL",2009,-0.6072986
"FULL","S2",0.8,"FALL",2010,-2.268974
"FULL","S2",0.8,"FALL",2011,-0.6758732
"FULL","S2",0.8,"FALL",2012,0.2433218
"FULL","S2",0.8,"FALL",2013,-0.6054017
"FULL","S2",0.8,"FALL",2014,0.5297576
"FULL","S2",0.8,"FALL",2015,0.3566203
"FULL","S2",0.8,"FALL",2016,1.829678
"FULL","S2",0.8,"FALL",2018,3.014893
"FULL","S2",0.8,"FALL",2019,-0.7124478
"FULL","S2",0.8,"FALL",2021,-0.4966241
"FULL","S2",0.8,"FALL",2022,-0.6076528
"WEE","S2",0.8,"SPRING",2009,0.04407504
"WEE","S2",0.8,"SPRING",2010,-0.5460206
"WEE","S2",0.8,"SPRING",2011,-0.2298135
"WEE","S2",0.8,"SPRING",2012,-0.4834969
"WEE","S2",0.8,"SPRING",2013,0.3142969
"WEE","S2",0.8,"SPRING",2014,-2.443834
"WEE","S2",0.8,"SPRING",2015,2.478668
"WEE","S2",0.8,"SPRING",2016,-1.647987
"WEE","S2",0.8,"SPRING",2017,-0.973969
"WEE","S2",0.8,"SPRING",2018,1.130322
"WEE","S2",0.8,"SPRING",2019,1.091386
"WEE","S2",0.8,"SPRING",2021,0.5156505
"WEE","S2",0.8,"SPRING",2022,0.7507221
"WEE","S2",0.8,"FALL",2009,0.01836113
"WEE","S2",0.8,"FALL",2010,-1.700998
"WEE","S2",0.8,"FALL",2011,-0.4868369
"WEE","S2",0.8,"FALL",2012,0.6407786
"WEE","S2",0.8,"FALL",2013,-1.282375
"WEE","S2",0.8,"FALL",2014,0.7648224
"WEE","S2",0.8,"FALL",2015,-0.7524415
"WEE","S2",0.8,"FALL",2016,1.66273
"WEE","S2",0.8,"FALL",2018,3.550265
"WEE","S2",0.8,"FALL",2019,-0.7074717
"WEE","S2",0.8,"FALL",2021,-1.59339
"WEE","S2",0.8,"FALL",2022,-0.1134432
"FULL","S1",1,"SPRING",2009,-0.02947027
"FULL","S1",1,"SPRING",2010,-0.709867
"FULL","S1",1,"SPRING",2011,-0.1125164
"FULL","S1",1,"SPRING",2012,-0.5161152
"FULL","S1",1,"SPRING",2013,0.3795171
"FULL","S1",1,"SPRING",2014,-2.228798
"FULL","S1",1,"SPRING",2015,2.452761
"FULL","S1",1,"SPRING",2016,-1.778985
"FULL","S1",1,"SPRING",2017,-0.9177588
"FULL","S1",1,"SPRING",2018,0.9708891
"FULL","S1",1,"SPRING",2019,1.230047
"FULL","S1",1,"SPRING",2021,0.5100242
"FULL","S1",1,"SPRING",2022,0.7502725
"FULL","S1",1,"FALL",2009,-0.4489985
"FULL","S1",1,"FALL",2010,-2.110278
"FULL","S1",1,"FALL",2011,-0.5165693
"FULL","S1",1,"FALL",2012,0.4035737
"FULL","S1",1,"FALL",2013,-0.6085512
"FULL","S1",1,"FALL",2014,0.4316985
"FULL","S1",1,"FALL",2015,0.3006394
"FULL","S1",1,"FALL",2016,1.942311
"FULL","S1",1,"FALL",2018,3.116696
"FULL","S1",1,"FALL",2019,-0.7619859
"FULL","S1",1,"FALL",2021,-0.5378743
"FULL","S1",1,"FALL",2022,-1.210662
"WEE","S1",1,"SPRING",2009,0.1738635
"WEE","S1",1,"SPRING",2010,-0.4173456
"WEE","S1",1,"SPRING",2011,-0.09880835
"WEE","S1",1,"SPRING",2012,-0.3489381
"WEE","S1",1,"SPRING",2013,0.293859
"WEE","S1",1,"SPRING",2014,-2.480373
"WEE","S1",1,"SPRING",2015,2.551482
"WEE","S1",1,"SPRING",2016,-1.658377
"WEE","S1",1,"SPRING",2017,-1.037766
"WEE","S1",1,"SPRING",2018,1.265128
"WEE","S1",1,"SPRING",2019,0.9607891
"WEE","S1",1,"SPRING",2021,0.1211343
"WEE","S1",1,"SPRING",2022,0.6753529
"WEE","S1",1,"FALL",2009,0.5574021
"WEE","S1",1,"FALL",2010,-1.160937
"WEE","S1",1,"FALL",2011,0.05505966
"WEE","S1",1,"FALL",2012,1.185211
"WEE","S1",1,"FALL",2013,-1.684427
"WEE","S1",1,"FALL",2014,0.8014518
"WEE","S1",1,"FALL",2015,-1.412955
"WEE","S1",1,"FALL",2016,1.999933
"WEE","S1",1,"FALL",2018,3.990392
"WEE","S1",1,"FALL",2019,-0.593936
"WEE","S1",1,"FALL",2021,-2.556931
"WEE","S1",1,"FALL",2022,-1.180263
"FULL","S2",1,"SPRING",2009,-0.1453712
"FULL","S2",1,"SPRING",2010,-0.8252574
"FULL","S2",1,"SPRING",2011,-0.229184
"FULL","S2",1,"SPRING",2012,-0.6347723
"FULL","S2",1,"SPRING",2013,0.400012
"FULL","S2",1,"SPRING",2014,-2.192575
"FULL","S2",1,"SPRING",2015,2.39946
"FULL","S2",1,"SPRING",2016,-1.757837
"FULL","S2",1,"SPRING",2017,-0.8579335
"FULL","S2",1,"SPRING",2018,0.8683203
"FULL","S2",1,"SPRING",2019,1.345518
"FULL","S2",1,"SPRING",2021,0.7872332
"FULL","S2",1,"SPRING",2022,0.8423874
"FULL","S2",1,"FALL",2009,-0.6802085
"FULL","S2",1,"FALL",2010,-2.341976
"FULL","S2",1,"FALL",2011,-0.7491557
"FULL","S2",1,"FALL",2012,0.1695726
"FULL","S2",1,"FALL",2013,-0.5159552
"FULL","S2",1,"FALL",2014,0.5369389
"FULL","S2",1,"FALL",2015,0.4493692
"FULL","S2",1,"FALL",2016,1.843919
"FULL","S2",1,"FALL",2018,2.978513
"FULL","S2",1,"FALL",2019,-0.7069874
"FULL","S2",1,"FALL",2021,-0.3964961
"FULL","S2",1,"FALL",2022,-0.5875333
"WEE","S2",1,"SPRING",2009,0.04407504
"WEE","S2",1,"SPRING",2010,-0.5460206
"WEE","S2",1,"SPRING",2011,-0.2298135
"WEE","S2",1,"SPRING",2012,-0.4834969
"WEE","S2",1,"SPRING",2013,0.3142969
"WEE","S2",1,"SPRING",2014,-2.443834
"WEE","S2",1,"SPRING",2015,2.478668
"WEE","S2",1,"SPRING",2016,-1.647987
"WEE","S2",1,"SPRING",2017,-0.973969
"WEE","S2",1,"SPRING",2018,1.130322
"WEE","S2",1,"SPRING",2019,1.091386
"WEE","S2",1,"SPRING",2021,0.5156505
"WEE","S2",1,"SPRING",2022,0.7507221
"WEE","S2",1,"FALL",2009,0.01836113
"WEE","S2",1,"FALL",2010,-1.700998
"WEE","S2",1,"FALL",2011,-0.4868369
"WEE","S2",1,"FALL",2012,0.6407786
"WEE","S2",1,"FALL",2013,-1.282375
"WEE","S2",1,"FALL",2014,0.7648224
"WEE","S2",1,"FALL",2015,-0.7524415
"WEE","S2",1,"FALL",2016,1.66273
"WEE","S2",1,"FALL",2018,3.550265
"WEE","S2",1,"FALL",2019,-0.7074717
"WEE","S2",1,"FALL",2021,-1.59339
"WEE","S2",1,"FALL",2022,-0.1134432
